species,cat_island,variation,polymorphism,WSC_ISO3,points_gbif,n_points,area_polygon,area_countries_wsc,lat_range,lat_range_wsc,cat_island_points,wsc,bin_island,centroid_lon,centroid_lat,eco_reg_points,eco_reg_polygon,temp_zones_points,temp_zones_polygon,bole_female,bole_male,source
Acacesia_hamata,continent,NA,NA,"USA, Central America, South America",396,171,13604713.39,29777772.94,75.194045,98.68615651,continent,"usa,central america,south america",0,-76.83826162,5.764525778,35,173,11,19,9.1,4.8,"Levi, H. W. (1976). The orb-weaver genera Verrucosa, Acanthepeira, Wagneriana, Acacesia, Wixia, Scoloderus and Alpaida north of Mexico. Bulletin of the Museum of Comparative Zoology 147: 351-391."
Acanthepeira_stellata,island_continent,no,no,"Canada, USA, Mexico",708,286,6331011.296,21357404.83,31.825419,52.05850925,island_continent,"canada,usa,mexico",1,-92.03303084,35.45923104,36,66,8,22,15.1,8.1,"Levi, H. W. (1976). The orb-weaver genera Verrucosa, Acanthepeira, Wagneriana, Acacesia, Wixia, Scoloderus and Alpaida north of Mexico. Bulletin of the Museum of Comparative Zoology 147: 351-391."
Acroaspis_169,NA,NA,NA,NA,0,NA,NA,,NA,,NA,NA,NA,NA,NA,,,,,,,
Acroaspis_olorina,continent,no,no,Australia,18,2,0,7691990.893,0,39.01717104,continent,australia,0,116.058611,-31.923056,1,1,1,1,4,,"Karsch, F. (1878c). Exotisch-araneologisches. Zeitschrift für die Gesammten Naturwissenschaften 51: 322-333, 771-826"
Acrosomoides_acrosomoides,island,no,no,Madagascar,40,27,86654.38519,592983.4955,7.781356,0,island,madagascar,1,48.25095915,-18.32082796,3,4,5,8,6,,"Emerit, M. (1974). Arachnides araignées Araneidae Gasteracanthinae. Faune Madagascar 38: 1-215."
Aculepeira_packardi,island_continent,no,no,"North America, Russia, Eastern Europe, Kazakhstan, China",290,48,2909754.92,51602952.57,31.993936,55.78063288,island_continent,"north america,russia,eastern europe,kazakhstan,china",1,-118.043293,45.40485245,17,41,9,19,16.5,8.9,"Levi, H. W. (1977b). The orb-weaver genera Metepeira, Kaira and Aculepeira in America north of Mexico (Araneae, Araneidae). Bulletin of the Museum of Comparative Zoology 148: 185-238"
Acusilas_251,NA,NA,NA,NA,0,NA,NA,,NA,,NA,NA,NA,NA,NA,,,,,,,
Acusilas_coccineus,NA,no,no,"India, China, Indonesia",94,NA,NA,,NA,,NA,NA,NA,NA,NA,,,,,,,
Agalenatea_redii,island_continent,yes,yes,"Europe, Turkey, Caucasus, Russia, Europe to South Siberia, Iran, Central Asia, China",8215,6060,11371771.95,41750995.08,32.258317,56.85398309,island_continent,"europe,turkey,caucasus,russia,south siberia,iran,central asia,china",1,30.07635994,48.46667844,40,80,12,11,7,4.5,"Roberts, M. J. (1995). Collins Field Guide: Spiders of Britain & Northern Europe. HarperCollins, London, 383 pp"
Alpaida_bicornuta,continent,yes,yes,"Costa Rica, Panama, South America",0,291,12679945.53,20315045.4,40.248276,84.04525912,continent,"Costa Rica, Panama, South America",0,-58.43148476,-8.602216729,35,90,9,8,10.9,7.7,"Levi, H. W. (1988). The neotropical orb-weaving spiders of the genus Alpaida (Araneae: Araneidae). Bulletin of the Museum of Comparative Zoology 151(7): 365-487."
Alpaida_delicata,continent,no,no,"Colombia, Peru, Bolivia, Brazil, French Guiana",282,3,0,11982620.85,6.587622,20.61780878,continent,"colombia,peru,bolivia,brazil,french guiana",0,-64.72054,-3.36841,2,4,2,2,6,5.4,"Levi, H. W. (1988). The neotropical orb-weaving spiders of the genus Alpaida (Araneae: Araneidae). Bulletin of the Museum of Comparative Zoology 151(7): 365-487"
Alpaida_quadrilorata,continent,yes,yes,"Brazil, Paraguay, Uruguay, Argentina",0,50,521365.1621,11831366.76,-12.484752,-24.34281443,continent,"Brazil, Paraguay, Uruguay, Argentina",0,-57.32036418,-31.85963386,6,7,2,2,13.6,9.5,"Levi, H. W. (1988). The neotropical orb-weaving spiders of the genus Alpaida (Araneae: Araneidae). Bulletin of the Museum of Comparative Zoology 151(7): 365-487"
Ameridion_petrum,NA,no,no,Panama,7,NA,NA,,NA,,NA,NA,0,NA,NA,,,,,,,
Ameridion_sp,NA,NA,NA,NA,0,NA,NA,,NA,,NA,NA,NA,NA,NA,,,,,,,
Anelosimus_agnar,island,no,no,Malaysia,0,NA,NA,,NA,,NA,NA,1,NA,NA,,,,,,,
Anelosimus_amelie,island,no,no,Comoros,3,NA,NA,,NA,,NA,NA,1,NA,NA,,,,,,,
Anelosimus_analyticus,continent,no,no,USA,12,NA,NA,,NA,,NA,NA,0,NA,NA,,,,,,,
Anelosimus_arizona,continent,no,no,USA,3,NA,NA,,NA,,NA,NA,0,NA,NA,,,,,,,
Anelosimus_baeza,continent,no,no,"mexico, central America, South america",63,5,877447.304,20315045.4,32.867611,84.04525912,continent,"mexico,central america,south america",0,-66.72338529,-3.659545764,4,36,2,8,4,2.86,"Agnarsson, I. (2006b). A revision of the New World eximius lineage of Anelosimus (Araneae, Theridiidae) and a phylogenetic analysis using worldwide exemplars. Zoological Journal of the Linnean Society 146(4): 453-593"
Anelosimus_bali,island,no,no,Bali,1,NA,NA,,NA,,NA,NA,1,NA,NA,,,,,,,
Anelosimus_decaryi,island,yes,yes,"Seychelles (Aldabra), Mayotte",7,NA,NA,,NA,,NA,NA,1,NA,NA,,,,,,,
Anelosimus_domingo,continent,NA,NA,"Colombia, venezuela, Suriname and Peru",28,NA,NA,,NA,,NA,NA,0,NA,NA,,,,,,,
Anelosimus_dubiosus,continent,no,no,Brazil,5,1,0,8470788.47,0,0,continent,brazil,0,-36.033333,-8.75,1,1,1,1,3.77,3.19,"Agnarsson, I. (2006b). A revision of the New World eximius lineage of Anelosimus (Araneae, Theridiidae) and a phylogenetic analysis using worldwide exemplars. Zoological Journal of the Linnean Society 146(4): 453-593"
Anelosimus_eidur,island,yes,yes,New Guinea,3,NA,NA,,NA,,NA,NA,1,NA,NA,,,,,,,
Anelosimus_elegans,continent,no,no,"Mexico, Central America and South America",14,NA,NA,,NA,,NA,NA,0,NA,NA,,,,,,,
Anelosimus_ethicus,continent,NA,NA,Brazil,11,3,490984.3762,8470788.47,18.914557,0,continent,brazil,0,-44.70695918,-14.51873209,3,8,1,8,,,
Anelosimus_eximius,island,no,no,Lesser Antilles,279,NA,NA,,NA,,NA,NA,1,NA,NA,,,,,,,
Anelosimus_guacamayos,continent,no,no,Ecuador,16,NA,NA,,NA,,NA,NA,0,NA,NA,,,,,,,
Anelosimus_jabaquara,continent,yes,yes,Brazil,8,NA,NA,,NA,,NA,NA,0,NA,NA,,,,,,,
Anelosimus_jucundus,continent,no,no,"Mexico, Central America and South America",294,1,0,20315045.4,0,84.04525912,continent,"mexico,central america,south america",0,-84.25,10.333333,1,1,1,1,4.36,3.25,"Agnarsson, I. (2006b). A revision of the New World eximius lineage of Anelosimus (Araneae, Theridiidae) and a phylogenetic analysis using worldwide exemplars. Zoological Journal of the Linnean Society 146(4): 453-593"
Anelosimus_kohi,island,yes,yes,Malaysia,7,NA,NA,,NA,,NA,NA,1,NA,NA,,,,,,,
Anelosimus_linda,island,no,no,Malaysia,1,NA,NA,,NA,,NA,NA,1,NA,NA,,,,,,,
Anelosimus_may,island,no,no,Madagascar,15,NA,NA,,NA,,NA,NA,1,NA,NA,,,,,,,
Anelosimus_nigrescens,continent,yes,yes,Guyana,6,NA,NA,,NA,,NA,NA,0,NA,NA,,,,,,,
Anelosimus_nr,NA,NA,NA,NA,1,NA,NA,,NA,,NA,NA,NA,NA,NA,,,,,,,
Anelosimus_octavius,continent,no,no,"Mexico, central america",9,NA,NA,,NA,,NA,NA,0,NA,NA,,,,,,,
Anelosimus_oritoyacu,continent,no,no,"Mexico, central america, Ecuador, Colombia",4,NA,NA,,NA,,NA,NA,0,NA,NA,,,,,,,
Anelosimus_pacificus,continent,no,no,Mexico to Costa Rica,8,NA,NA,,NA,,NA,NA,0,NA,NA,,,,,,,
Anelosimus_pomio,island,no,no,Papua New Guinea,1,NA,NA,,NA,,NA,NA,1,NA,NA,,,,,,,
Anelosimus_potmosbi,island,no,no,New Guinea,2,NA,NA,,NA,,NA,NA,1,NA,NA,,,,,,,
Anelosimus_pratchetti,continent,no,no,Australia,8,4,10072.97161,7691990.893,9.486129,39.01717104,continent,australia,0,151.623008,-31.26975453,1,2,1,2,3.4,2.95,"Agnarsson, I. (2012b). Systematics of new subsocial and solitary Australasian Anelosimus species (Araneae: Theridiidae). Invertebrate Systematics 26(1): 1-16"
Anelosimus_rupununi,continent,yes,yes,"Trinidad, surinam, french guayana, guayana, Brazil",21,NA,NA,,NA,,NA,NA,0,NA,NA,,,,,,,
Anelosimus_sp,NA,NA,NA,NA,0,NA,NA,,NA,,NA,NA,NA,NA,NA,,,,,,,
Anelosimus_studiosus,island_continent,no,no,"north america, central america, south america",373,33,8557145.754,39715123.3,73.894168,109.6740354,island_continent,"north america,central america,south america",1,-71.59235234,0.270428837,18,115,5,15,4.4,2.65,"Agnarsson, I. (2006b). A revision of the New World eximius lineage of Anelosimus (Araneae, Theridiidae) and a phylogenetic analysis using worldwide exemplars. Zoological Journal of the Linnean Society 146(4): 453-593"
Anelosimus_tosus,continent,no,no,"Mexico, central america, Colombia, Ecuador, Peru",10,3,50619.30729,5155360.169,12.611726,33.0945463,continent,"mexico,central america,colombia,ecuador,peru",0,-76.94444816,1.193222509,3,11,2,8,5.2,3.58,"Agnarsson, I. (2006b). A revision of the New World eximius lineage of Anelosimus (Araneae, Theridiidae) and a phylogenetic analysis using worldwide exemplars. Zoological Journal of the Linnean Society 146(4): 453-593."
Anepsion_sp,NA,NA,NA,NA,0,NA,NA,,NA,,NA,NA,NA,NA,NA,,,,,,,
Arachnura_feredayi,island,yes,yes,New Zealand,0,94,227196.6085,267758.5077,-10.655875,0,island,New Zealand,1,172.6537943,-42.10192029,8,10,1,7,14.4,2.3,"Castanheira, P. de S., Didham, R. K., Vink, C. J. & Framenau, V. W. (2019c). The scorpion-tailed orb-weaving spiders (Araneae, Araneidae, Arachnura) in Australia and New Zealand. Zootaxa 4706(1): 147-170"
Arachnura_higginsi,island_continent,yes,yes,Australia,627,274,2472932.531,7691990.893,14.804806,39.01717104,island_continent,australia,1,140.3113933,-31.86213193,8,22,6,11,24.1,3.6,"Castanheira, P. de S., Didham, R. K., Vink, C. J. & Framenau, V. W. (2019c). The scorpion-tailed orb-weaving spiders (Araneae, Araneidae, Arachnura) in Australia and New Zealand. Zootaxa 4706(1): 147-170"
Arachnura_scorpionoides,island_continent,yes,yes,"Ethiopia, Congo, South Africa, Seychelles, Mayotte, Madagascar, Mauritius, Réunion",51,10,83540.4872,5267713.592,4.503727,37.63218552,continent,"ethiopia,congo,south africa,seychelles,mayotte,madagascar,mauritius,rü¾Ž–”¼union",1,23.72712297,-32.81419108,3,10,3,10,10,NA,"Dippenaar-Schoeman, A. S., Haddad, C. R. & Foord, S. H. (2020). First records for the orb-web spider Arachnura scorpionoides Vinson, 1863 from South Africa (Araneae: Araneidae). Sansa News 34: 12-14"
Araneus_albotriangulus,island_continent,yes,no,Australia,313,192,1374789.76,7691990.893,26.444649,39.01717104,island_continent,australia,1,148.2466345,-29.05691737,5,13,3,17,4.9,NA,"Keyserling, E. (1887a). Die Arachniden Australiens, nach der Natur beschrieben und abgebildet. Zweiter Theil [Lieferung 35-36]. Bauer & Raspe, Nürnberg, 153-232, pl. 12-20."
Araneus_bicentenarius,island_continent,yes,no,"USA, Canada",1172,713,5664747.753,19400077.9,22.721599,52.05850925,island_continent,"usa,canada",1,-88.80750307,40.2686566,31,44,5,11,28,7,"Levi, H. W. (1971a). The diadematus group of the orb-weaver genus Araneus north of Mexico (Araneae: Araneidae). Bulletin of the Museum of Comparative Zoology 141: 131-179."
Araneus_cavaticus,continent,no,no,"USA, Canada",240,113,658514.823,19400077.9,12.818232,52.05850925,continent,"usa,canada",0,-75.45173291,43.19248842,6,10,3,4,22,19,"Levi, H. W. (1971a). The diadematus group of the orb-weaver genus Araneus north of Mexico (Araneae: Araneidae). Bulletin of the Museum of Comparative Zoology 141: 131-179."
Araneus_diadematus,island_continent,yes,yes,"Europe, Turkey, Caucasus, Russia, Iran, Central Asia, China, Japan. ",54895,6388,25771828.32,66616628.78,42.38883,68.87868535,island_continent,"Europe, Turkey, Caucasus, Russia, Iran, Central Asia, China, Japan. ",1,61.1802608,62.71040721,105,250,18,11,20,13,"Levi, H. W. (1971a). The diadematus group of the orb-weaver genus Araneus north of Mexico (Araneae: Araneidae). Bulletin of the Museum of Comparative Zoology 141: 131-179."
Araneus_eburneiventris,continent,no,no,Australia,85,17,70141.09725,7691990.893,8.827422,39.01717104,continent,australia,0,115.9627925,-31.22583006,3,4,4,5,6,NA,"Simon, E. (1908d). Araneae. 1re partie. In: Michaelsen, W. & Hartmeyer, R. (eds.) Die Fauna Südwest-Australiens. Ergebnisse der Hamburger südwest-australischen Forschungsreise 1905. Band 1, Lieferung 12. Gustav Fischer, Jena, pp. 359-446."
Araneus_gemmoides,continent,no,no,"USA, Canada",977,334,5690421.751,19400077.9,26.447941,52.05850925,continent,"usa,canada",0,-108.2498205,43.71478535,37,52,12,18,25,7.9,"Levi, H. W. (1971a). The diadematus group of the orb-weaver genus Araneus north of Mexico (Araneae: Araneidae). Bulletin of the Museum of Comparative Zoology 141: 131-179."
Araneus_marmoreus,island_continent,yes,yes,"North America, Europe, Turkey, Caucasus, Russia, Europe, Iran, Central Asia, China, Korea, Japan",8936,5454,35998885.51,63701379.15,39.247297,68.87868535,island_continent,"north america,europe,turkey,caucasus,russia,iran,central asia,china,korea,japan",1,11.00424072,52.80719914,93,206,15,6,18,5.9,"Levi, H. W. (1971a). The diadematus group of the orb-weaver genus Araneus north of Mexico (Araneae: Araneidae). Bulletin of the Museum of Comparative Zoology 141: 131-179."
Araneus_quadratus,island_continent,yes,yes,"Europe, Turkey, Russia, Central Asia to China, Japan",14244,4203,14841640.16,40501283.35,30.773892,56.85398309,island_continent,"europe,turkey,russia,central asia,china,japan",1,57.81218709,53.72037828,45,88,14,19,20.5,11,https://araneae.nmbe.ch/data/972
Araneus_rotundulus,continent,no,no,Australia,81,32,64678.21933,7691990.893,6.352573,39.01717104,continent,australia,0,-27.41064723,32.84223668,2,2,1,3,4.5,NA,"Keyserling, E. (1887a). Die Arachniden Australiens, nach der Natur beschrieben und abgebildet. Zweiter Theil [Lieferung 35-36]. Bauer & Raspe, Nürnberg, 153-232, pl. 12-20."
Araneus_talipedatus,island_continent,yes,yes,Australia,335,176,3230373.598,7691990.893,18.276146,39.01717104,island_continent,australia,1,-31.34372367,24.2326561,11,27,7,12,7.1,NA,"Keyserling, E. (1887a). Die Arachniden Australiens, nach der Natur beschrieben und abgebildet. Zweiter Theil [Lieferung 35-36]. Bauer & Raspe, Nürnberg, 153-232, pl. 12-20."
Araneus_ventricosus,island_continent,no,no,"Russia, Korea, Japan, China, Taiwan",964,104,2850040.523,26959923.57,22.438222,39.52467199,island_continent,"russia,korea,japan,china,taiwan",1,118.179997,32.84223668,15,26,7,15,14,NA,"Uyemura, T. (1961). Studies on the variation, lineage and distribution of the Japanese spider, Araneus ventricosus (L. Koch) (s. lat.). Arachnological Society of East Asia, Osaka, 116 pp."
Araniella_cucurbitina,island_continent,no,no,"Europe, Turkey, Russia (Europe) to Central Asia, China, Korea",6832,4797,7500501.948,40349412.24,31.859034,56.85398309,island_continent,"europe,turkey,russia,central asia,china,korea",1,53.60239902,53.02739192,34,42,11,10,9.5,4.5,https://araneae.nmbe.ch/data/493/Araniella_cucurbitina
Araniella_displicata,island_continent,yes,yes,"North America, Europe, Russia, Kazakhstan, China, Korea, Japan",0,4911,35098734.55,60177167.37,39.78983,68.87868535,island_continent,"North America, Europe, Russia, Kazakhstan, China, Korea, Japan",1,62.71040721,49.04479017,88,234,16,8,7.4,4.4,"Tanikawa, A. (2009). Hersiliidae. Nephilidae, Tetragnathidae, Araneidae. In: Ono, H. (ed.) The spiders of Japan with keys to the families and genera and illustrations of the species. Tokai University Press, Kanagawa, pp. 149, 403-463. download pdf"
Aranoethra_cambridgei,continent,no,no,"West, Central Africa",19,1,0,5309580.286,0,18.21253469,continent,"west,central africa",0,0.946725,,1,1,1,1,16.93,,"Butler, A. G. (1873a). A monographic list of the species of Gasteracantha or crab-spiders, with descriptions of new species. Transactions of the Entomological Society of London 1873: 153-180."
Argiope_aetherea,island_continent,yes,yes,China to Australia,466,146,2266154.15,17065182.92,18.875103,62.19191331,island_continent,"china,australia",1,-20.04015614,-20.04015614,7,14,6,12,20,8,"Chrysanthus, P. (1958a). Spiders from south New Guinea I. Nova Guinea N.S. 9: 235-243"
Argiope_appensa,island,yes,yes,"Taiwan, New Guinea, Southeast Asia",1071,97,1229274.621,4937837.545,23.499347,32.55688327,island,"taiwan,new guinea,southeast asia",1,0.044250208,0.044250192,12,29,3,8,22,NA,"Marapao, B. P. (1965). Three species of spiders of the subfamily Argiopidae [sic] from Cebu. Junior Philippine Scientist 2: 43-55."
Argiope_argentata,island_continent,yes,yes,"USA, Central America, South America",9405,5656,21032643.28,29777772.94,82.458813,98.68615651,island_continent,"usa,central america,south america",1,-5.137971016,-5.137971022,156,203,14,20,18.8,5.2,"Levi, H. W. (1968a). The spider genera Gea and Argiope in America (Araneae: Araneidae). Bulletin of the Museum of Comparative Zoology 136: 319-352"
Argiope_aurantia,island_continent,no,no,"North America, Central America",25004,4814,10603822.88,21875348.71,34.643567,52.05850925,island_continent,"north america,central america",1,36.90185925,36.90185926,80,120,16,25,32,9.9,"Levi, H. W. (1968a). The spider genera Gea and Argiope in America (Araneae: Araneidae). Bulletin of the Museum of Comparative Zoology 136: 319-352"
Argiope_hoiseni,Island,yes,yes,Malaysia,12,NA,NA,,NA,,NA,NA,NA,NA,,,,,,,,
Argiope_ocyaloides,continent,yes,yes,Australia,145,66,1512382.132,7691990.893,16.359192,39.01717104,continent,australia,0,-20.39246727,-20.39246727,6,12,4,7,8,NA,"Koch, L. (1871). Die Arachniden Australiens, nach der Natur beschrieben und abgebildet [Erster Theil, Lieferung 1-2]. Bauer & Raspe, Nürnberg, 1-104, pl. 1-8"
Argiope_protensa,island_continent,yes,yes,"New Guinea, Australia, New Caledonia, New Zealand",940,300,7517647.934,8443629.015,32.221761,57.43007084,island_continent,"new guinea,australia,new caledonia,new zealand",1,-26.68582595,-26.71538184,36,46,12,17,11.5,NA,"Rainbow, W. J. (1897b). Descriptions of some new Araneidae of New South Wales. No. 8. Proceedings of the Linnean Society of New South Wales 22: 514-553"
Argiope_trifasciata,island_continent,yes,no,"North America, Central America, South America",9097,4692,29295820.04,39715123.3,95.856476,109.6740354,island_continent,"north america,central america,south america",1,9.86237655,,128,258,20,26,21,7.3,"Levi, H. W. (1968a). The spider genera Gea and Argiope in America (Araneae: Araneidae). Bulletin of the Museum of Comparative Zoology 136: 319-352"
Argyrodes_argentatus,continent,no,no,India,24,NA,NA,,NA,,NA,NA,0,NA,,,,,,,,
Argyrodes_flavescens,continent,no,no,India,137,NA,NA,,NA,,NA,NA,0,NA,,,,,,,,
Ariamnes_attenuatus,continent,no,no,Costa Rica,62,NA,NA,,NA,,NA,NA,1,NA,,,,,,,,
Ariamnes_cylindrogaster,island,no,no,"Japan, Taiwan, Laos",258,6,23687.02446,636745.5051,12.941081,18.14528939,island,"japan,taiwan,laos",1,23.94166165,,3,5,2,11,22.3,17.1,"Kim, B. W. & Kim, J. P. (2007). Taxonomic study of the spider subfamily Argyrodinae (Arachnida: Araneae: Theridiidae) in Korea. Korean Journal of Systematic Zoology 23: 213-228."
Asagena_phalerata,island_continent,no,no,"Europe, Russia (Europe to Far East), Kazakhstan, Iran, Central Asia, China, Korea",3837,1565,6980953.604,41971549.15,28.427016,56.85398309,island_continent,"europe,russia,far east),kazakhstan,iran,central asia,china,korea",1,52.67402311,52.6384255,27,39,10,8,5.7,5,https://araneae.nmbe.ch/data/1016/Asagena_phalerata
Audifia_sp,NA,NA,NA,NA,0,NA,NA,,NA,,NA,NA,NA,NA,-25.9702947,,,,,,,
Augusta_glyphica,island,no,no,Madagascar,10,6,30110.65846,592983.4955,7.596142,0,island,madagascar,1,-17.91830111,,2,4,2,7,9.8,3.5,"Emerit, M. (1974). Arachnides araignées Araneidae Gasteracanthinae. Faune Madagascar 38: 1-215"
Austracantha_minax,island_continent,yes,yes,"Australia, Tasmania",3445,1333,7457523.286,8512450.039,29.595369,59.16989275,island_continent,"australia,tasmania",1,-25.97538775,-25.9702947,28,37,11,17,8.5,3,"Mascord, R. E. (1966). The mating behaviour of Gasteracantha minax Thorell, 1859 (Araneida: Argiopidae). Journal of the Entomological Society of Australia, New South Wales 3: 44-47."
Backobourkia_heroine,island_continent,no,no,"Australia, New Caledonia,New Zealand",271,9,670716.0229,7691990.893,15.257818,39.01717104,island_continent,"australia,new caledonia,new zealand",1,-31.85046399,,7,16,5,7,23.75,14.5,"Framenau, V. W., Dupérré, N., Blackledge, T. A. & Vink, C. (2010). Systematics of the new Australasian orb-weaving spider genus Backobourkia (Araneae: Araneidae: Araneinae). Arthropod Systematics & Phylogeny 68: 79-111"
Bijoaraneus_mitificus,island_continent,no,no,"Pakistan, India, Bangladesh, China, Taiwan, Thailand, Cambodia, Singapore, Philippines, New Guinea",667,339,8562045.264,15026698.13,30.914529,43.23055495,island_continent,"pakistan,india,bangladesh,china,taiwan,thailand,cambodia,singapore,philippines,new guinea",1,95.53519684,24.2326561,31,99,7,25,5.94,4.19,"Tanikawa, A., Yamasaki, T. & Petcharad, B. (2021). Two new genera of Araneidae (Arachnida: Araneae). Acta Arachnologica 70(2): 87-101"
Bijoaraneus_praesignis,continent,no,no,Australia,115,79,343819.4566,7691990.893,15.41268,39.01717104,continent,australia,0,150.2305734,-25.21242963,4,5,3,9,7,NA,"Koch, L. (1872a). Die Arachniden Australiens, nach der Natur beschrieben und abgebildet [Erster Theil, Lieferung 3-7]. Bauer & Raspe, Nürnberg, 105-368, pl. 8-28"
Caerostris_sp,NA,NA,NA,NA,0,NA,NA,,NA,,NA,NA,NA,NA,NA,,,,,,,
Callobius,NA,NA,NA,NA,0,NA,NA,,NA,,NA,NA,NA,NA,NA,,,,,,,
Canalidion_montanum,continent,no,no,North America,766,59,33852.85185,21357404.83,5.365316,52.05850925,continent,north america,0,-147.9574498,62.76103134,4,5,2,4,4.4,NA,https://araneae.nmbe.ch/data/2206/Canalidion_montanum
Carepalxis_sp,NA,NA,NA,NA,0,NA,NA,,NA,,NA,NA,NA,NA,NA,,,,,,,
Celaenia_calotoides,continent,no,no,Australia,69,32,3443312.996,7691990.893,18.623747,39.01717104,continent,australia,0,139.8951927,-29.47998509,7,26,7,11,7.5,NA,"Rainbow, W. J. (1908). Studies in Australian Araneidae. No. 5. Records of the Australian Museum 7: 44-50"
Cercidia_prominens,island_continent,no,no,"North America, Europe, Caucasus, Russia, Europe, Kazakhstan",2200,1470,9794739.147,50215003.65,32.623944,55.78063288,island_continent,"north america,europe,caucasus,russia,kazakhstan",1,5.464983879,61.76828127,21,41,9,19,4.6,4.1,"Levi, H. W. (1975b). The American orb-weaver genera Larinia, Cercidia and Mangora north of Mexico (Araneae, Araneidae). Bulletin of the Museum of Comparative Zoology 147: 101-135"
Cerocida_strigosa,continent,no,no,Venezuela,11,NA,NA,,NA,,NA,NA,0,NA,NA,,,,,,,
Chikunia_albipes,island_continent,yes,yes,Russia (Far East) Japan,28,NA,NA,,NA,,NA,NA,1,NA,NA,,,,,,,
Chikunia_bilde,island,yes,yes,"Malaysia, Singapore, Indonesia",0,3,7512.91533,2222200.408,-1.093661,12.41868176,island,"Malaysia, Singapore, Indonesia",1,109.8423966,-7.407123603,2,4,2,6,,,
Chikunia_nigra,continent,yes,yes,India,51,6,456270.3212,3152910.005,12.164796,12.47897777,continent,india,0,80.62827098,17.39184951,4,15,2,6,3.54,2.32,"Smith, C., Cotter, A., Grinsted, L., Bowolaksono, A., Watiniasih, N. L. & Agnarsson, I. (2019). In a relationship: sister species in mixed colonies, with a description of new Chikunia species (Theridiidae). Zoological Journal of the Linnean Society 186(2): 337-252"
Chikunia_sp,NA,NA,NA,NA,0,NA,NA,,NA,,NA,NA,NA,NA,NA,,,,,,,
Chorizopes_nipponicus,island_continent,no,no,"China, Korea, Japan",73,NA,NA,,NA,,NA,NA,NA,NA,NA,,,,,,,
Chrosiothes_cf,NA,NA,NA,NA,0,NA,NA,,NA,,NA,NA,NA,NA,NA,,,,,,,
Clitaetra_irenae,continent,no,no,"Malawi, South Africa",5,2,0,1339244.282,0.003051,-15.79005497,continent,"malawi,south africa",0,NA,NA,1,1,1,1,7.1,3.1,"Kuntner, M. (2006). Phylogenetic systematics of the Gondwanan nephilid spider lineage Clitaetrinae (Araneae, Nephilidae). Zoologica Scripta 35(1): 19-62."
Colaranea_verutum,island,yes,yes,New Zealand,0,84,146782.9492,267758.5077,-7.401704,0,island,New Zealand,1,171.9027055,-43.06258097,5,8,4,7,5.2,4.5,"Court, D. J. & Forster, R. R. (1988). The spiders of New Zealand: Part VI. Family Araneidae. Otago Museum Bulletin 6: 68-124."
Colaranea_viriditas,island,no,no,New Zealand,256,146,182847.4143,267758.5077,11.910355,0,island,new zealand,1,172.9270613,-41.6289087,8,9,2,7,4.6,5.2,"Court, D. J. & Forster, R. R. (1988). The spiders of New Zealand: Part VI. Family Araneidae. Otago Museum Bulletin 6: 68-124"
Coleosoma_acutiventer,continent,no,no,"north america, central america, south america",91,4,568427.2299,39715123.3,36.52904,109.6740354,continent,"north america,central america,south america",0,-77.16015828,18.11805415,4,35,2,7,1.7,2.1,"Bryant, E. B. (1944). Three species of Coleosoma from Florida (Araneae; Theridiidae). Psyche, Cambridge 51(1-2): 51-58."
Coleosoma_octomaculatum,island,no,no,"Japan,Taiwan",146,NA,NA,,NA,,NA,NA,1,NA,NA,,,,,,,
Crustulina_sticta,island_continent,NA,NA,"North America, Caucasus, Russia, Kazakhstan,Iran,Central,Asia,China,Korea,Japan",687,10,9087388.383,38500368.73,24.636621,55.78063288,continent,"north america,caucasus,russia,kazakhstan,iran,central,asia,china,korea,japan",1,NA,NA,7,49,4,9,3.5,2.5,https://araneae.nmbe.ch/data/1329/Crustulina_sticta
Cryptachaea_blattea,continent,yes,yes,Africa,1251,NA,NA,,NA,,NA,NA,0,NA,NA,,,,,,,
Cryptachaea_riparia,island_continent,no,no,"Europe,Russia, China, Korea, Japan",572,NA,NA,,NA,,NA,NA,1,NA,NA,,,,,,,
Cryptaranea_atrihastula,island,yes,yes,New Zealand,0,34,86861.75312,267758.5077,-9.893463,0,island,New Zealand,1,172.4474953,-43.0088164,5,6,1,7,,,
Cryptaranea_subcompta,island,yes,yes,New Zealand,24,4,5068.282316,267758.5077,5.650862,0,island,new zealand,1,173.2735447,-42.9647349,3,5,1,6,8.2,,"Urquhart, A. T. (1894). Description of new species of Araneae. Transactions and Proceedings of the New Zealand Institute 26(1893): 204-218."
Cyclosa_argenteoalba,island_continent,yes,yes,"China, Korea, Taiwan, Japan, Russia",204,10,606451.6863,26959923.57,15.667523,39.52467199,continent,"china,korea,taiwan,japan,russia",1,116.6453192,30.47502266,3,5,3,7,3.2,3.55,"Tanikawa, A. (1992b). A revisional study of the Japanese spiders of the genus Cyclosa (Araneae: Araneidae). Acta Arachnologica 41(1): 11-85."
Cyclosa_caroli,island_continent,no,no,"USA, Caribbean, South America",359,21,1006144.15,29777772.94,17.857143,98.68615651,island_continent,"usa,caribbean,south america",1,-85.8147002,31.95229534,10,19,2,6,6.8,3.4,"Levi, H. W. (1977a). The American orb-weaver genera Cyclosa, Metazygia and Eustala north of Mexico (Araneae, Araneidae). Bulletin of the Museum of Comparative Zoology 148: 61-127"
Cyclosa_confusa,island_continent,yes,yes,"China, Korea, Taiwan, Japan",103,10,3349.650438,10002377.84,1.928332,18.0352402,island_continent,"china,korea,taiwan,japan",1,115.4310061,22.7676582,2,2,1,2,8,4.5,"Tanikawa, A. (2009). Hersiliidae. Nephilidae, Tetragnathidae, Araneidae. In: Ono, H. (ed.) The spiders of Japan with keys to the families and genera and illustrations of the species. Tokai University Press, Kanagawa, pp. 149, 403-463"
Cyclosa_conica,island_continent,no,no,"North America, Europe, Turkey, Caucasus, Russia, Europe, Iran, Central Asia, China",6244,3398,27325847.05,63108399.91,34.901224,68.87868535,island_continent,"north america,europe,turkey,caucasus,russia,iran,central asia,china",1,51.35463883,55.4961071,80,156,13,6,8,4.5,https://araneae.nmbe.ch/data/378/Cyclosa_conica
Cyclosa_insulana,island_continent,yes,yes,"Europe, Southeast Asia, Japan, India,Papua New Guinea, Australia, South Africa, Eswatini",0,216,43464583.79,39877403.78,76.99349,103.7686427,island_continent,"Europe, Southeast Asia, Japan, India,Papua New Guinea, Australia, South Africa, Eswatini",1,33.69547439,14.30327016,35,238,13,22,6.8,NA,https://araneae.nmbe.ch/data/3876/Cyclosa_insulana
Cyclosa_monticola,island_continent,yes,yes,"China, Korea, Taiwan, Japan, Russia",53,2,0,26959923.57,5.697525,39.52467199,continent,"china,korea,taiwan,japan,russia",1,120.6452675,33.4308883,2,3,2,2,9,6,"Tanikawa, A. (2009). Hersiliidae. Nephilidae, Tetragnathidae, Araneidae. In: Ono, H. (ed.) The spiders of Japan with keys to the families and genera and illustrations of the species. Tokai University Press, Kanagawa, pp. 149, 403-463"
Cyclosa_octotuberculata,island_continent,yes,yes,"China, Korea, Taiwan, Japan",272,26,298458.6638,10002377.84,11.174646,18.0352402,island_continent,"china,korea,taiwan,japan",1,138.5104475,36.7340861,4,10,3,10,15,10,"Tanikawa, A. (2009). Hersiliidae. Nephilidae, Tetragnathidae, Araneidae. In: Ono, H. (ed.) The spiders of Japan with keys to the families and genera and illustrations of the species. Tokai University Press, Kanagawa, pp. 149, 403-463"
Cyclosa_walckenaeri,island_continent,no,no,"USA, Central America, Colombia, Venezuela, Guyana, Ecuador, Caribbean",136,59,1068691.916,14678339.66,13.945384,48.39974368,island_continent,"usa,central america,colombia,venezuela,guyana,ecuador,caribbean",1,-100.0085143,20.6625296,8,45,8,16,6.8,3.8,"Levi, H. W. (1977a). The American orb-weaver genera Cyclosa, Metazygia and Eustala north of Mexico (Araneae, Araneidae). Bulletin of the Museum of Comparative Zoology 148: 61-127"
Cyrtarachne_bufo,island_continent,no,no,"China, Korea, Japan",115,11,72189.05495,9966171.268,13.196475,18.0352402,island_continent,"china,korea,japan",1,133.0270512,33.5155467,2,5,2,7,10,2.5,"Tanikawa, A. (2009). Hersiliidae. Nephilidae, Tetragnathidae, Araneidae. In: Ono, H. (ed.) The spiders of Japan with keys to the families and genera and illustrations of the species. Tokai University Press, Kanagawa, pp. 149, 403-463"
Cyrtarachne_inaequalis,island_continent,no,no,"India, China, Korea, Myanmar",198,17,3239285.395,13409569.5,28.003031,18.95647776,continent,"india,china,korea,myanmar",0,103.8390865,25.02455756,4,36,4,11,13,2.5,"Tanikawa, A. (2009). Hersiliidae. Nephilidae, Tetragnathidae, Araneidae. In: Ono, H. (ed.) The spiders of Japan with keys to the families and genera and illustrations of the species. Tokai University Press, Kanagawa, pp. 149, 403-463"
Cyrtarachne_nagasakiensis,island_continent,yes,yes,"Pakistan, India, China, Korea, Japan",75,1,0,13991960.2,0,18.0352402,island,"pakistan,india,china,korea,japan",1,137.011506,35.078181,1,1,1,1,8,2,"Tanikawa, A. (2009). Hersiliidae. Nephilidae, Tetragnathidae, Araneidae. In: Ono, H. (ed.) The spiders of Japan with keys to the families and genera and illustrations of the species. Tokai University Press, Kanagawa, pp. 149, 403-463"
Cyrtarachne_yunoharuensis,island_continent,yes,yes,"China, Korea, Japan",65,1,0,9966171.268,0,18.0352402,continent,"china,korea,japan",0,119.335053,26.169828,1,1,1,1,7,2,"Tanikawa, A. (2009). Hersiliidae. Nephilidae, Tetragnathidae, Araneidae. In: Ono, H. (ed.) The spiders of Japan with keys to the families and genera and illustrations of the species. Tokai University Press, Kanagawa, pp. 149, 403-463"
Cyrtophora_cylindroides,island_continent,NA,NA,"China, Southeast Asia, Australia",115,11,890989.5395,21501879.15,16.576858,62.19191331,island_continent,"china,southeast asia,australia",1,106.1012725,13.03899053,7,30,3,9,17.5,3.2,"Tanikawa, A., Chang, Y. H. & Tso, I. M. (2010). Taxonomic revision of Taiwanese and Japanese Cyrtophora spiders hitherto identified with C. moluccensis (Arachnida, Araneae), using molecular and morphological data. Acta Arachnologica 59(1): 31-38"
Cyrtophora_ikomosanensis,island,yes,yes,"Taiwan, Japan",0,3,452.6874425,408631.7423,3.689453,12.89462505,island,"Taiwan, Japan",1,121.7156942,24.96275115,2,2,1,2,,,
Cyrtophora_moluccensis,island_continent,yes,yes,"India, Japan, South Asia, China, Indonesia, Papua New Guinea, Australia, Solomon Is.,, Palau, Micronesia, Fiji, Tonga, French Polynesia",1036,283,5187293.146,26501107.44,52.228127,62.22112485,island_continent,"india,japan,south asia,china,indonesia,papua new guinea,australia,solomon is.,,palau,micronesia,fiji,tonga,french polynesia",1,132.9772961,-11.85875353,20,64,7,11,19.8,3.28,"Tanikawa, A., Chang, Y. H. & Tso, I. M. (2010). Taxonomic revision of Taiwanese and Japanese Cyrtophora spiders hitherto identified with C. moluccensis (Arachnida, Araneae), using molecular and morphological data. Acta Arachnologica 59(1): 31-38"
Deinopis_spinosa,NA,NA,NA,NA,105,NA,NA,,NA,,NA,NA,NA,-85.49221075,31.37663131,,,,,,,
Deliochus_160,NA,NA,NA,NA,0,NA,NA,,NA,,NA,NA,NA,NA,NA,,,,,,,
Dipoena_cf,NA,NA,NA,NA,2,NA,NA,,NA,,NA,NA,NA,NA,NA,,,,,,,
Dolophones_46,NA,NA,NA,NA,0,NA,NA,,NA,,NA,NA,NA,NA,NA,,,,,,,
Echinotheridion_otlum,continent,no,no,Ecuador,3,NA,NA,,NA,,NA,NA,0,NA,NA,,,,,,,
Encyosaccus_sexmaculatus,continent,yes,yes,"Colombia, Ecuador, Peru, Brazil",0,11,276040.288,11150877.83,-7.292499,14.75062404,continent,"Colombia, Ecuador, Peru, Brazil",0,-73.77727098,-3.839652765,4,6,2,2,,,
Enoplognatha_bryjai,continent,no,no,Czechia,12,NA,NA,,NA,,NA,NA,0,NA,NA,,,,,,,
Enoplognatha_caricis,island_continent,no,no,"Europe, China, Korea, Japan",555,76,4489527,36105504.39,11.27781,56.85398309,continent,"europe,china,korea,japan",1,-85.49221075,31.37663131,5,44,3,11,7.7,5,https://araneae.nmbe.ch/data/2049/Enoplognatha_caricis
Enoplognatha_latimana,island_continent,yes,yes,"Europe, North Africa, Turkey, Caucasus, Russia, Iran",1446,978,1822840.098,36011707.12,15.58204,67.45370285,island_continent,"europe,north africa,turkey,caucasus,russia,iran",1,9.034878073,49.83367786,10,20,6,12,6,5,https://araneae.nmbe.ch/data/681/Enoplognatha_latimana
Enoplognatha_margarita,island_continent,no,no,"Russia, South Siberia, China, Korea, Japan",53,NA,NA,,NA,,NA,NA,1,NA,NA,,,,,,,
Enoplognatha_ovata,island_continent,yes,yes,"Europe, Russia, Kazakhstan, Iran, Central Asia Japan.,",17241,6684,7885264.033,30475728.17,27.019924,56.85398309,island_continent,"europe,russia,kazakhstan,iran,central asia japan.,",1,23.92272225,51.61561885,29,49,12,14,7.2,5,https://araneae.nmbe.ch/data/951/Enoplognatha_ovata
Episinus_affinis,island_continent,no,no,"India, Taiwan, Japan, Ryukyu Is.,",73,NA,NA,,NA,,NA,NA,1,NA,NA,,,,,,,
Episinus_angulatus,island_continent,no,no,"Europe, Kazakhstan, Central Asia",2364,1201,5094067.82,30755666.14,24.687821,56.85398309,island_continent,"europe,kazakhstan,central asia",1,30.32370285,53.5125746,19,31,7,14,5.5,5.5,https://araneae.nmbe.ch/data/160/Episinus_angulatus
Episinus_nubilus,island,no,no,"Japan, Taiwan",115,NA,NA,,NA,,NA,NA,1,NA,NA,,,,,,,
Eriophora_nephiloides,island_continent,yes,yes,"Central America, Colombia, Venezuela, Guyana",0,30,812155.3101,4732213.12,-23.589323,20.03007459,island_continent,"Central America, Colombia, Venezuela, Guyana",1,-84.47506566,10.52409705,13,24,3,12,,,
Eriophora_ravilla,island_continent,yes,yes,"USA, Central America, South America",1677,837,7517912.732,29777772.94,37.547685,98.68615651,island_continent,"usa,central america,south america",1,-73.40302676,9.416191078,52,145,8,16,24,13,"Levi, H. W. (1971b). The ravilla group of the orbweaver genus Eriophora in North America (Araneae: Araneidae). Psyche, Cambridge 77(3, 1970): 280-302."
Eriophora_sp,NA,NA,NA,NA,0,NA,NA,,NA,,NA,NA,NA,NA,NA,,,,,,,
Eriovixia_laglaizei,island_continent,no,no,"India, Bangladesh, China, Southeast Asia, New Guinea",209,77,3093005.516,17564941.23,31.036184,45.42229679,island_continent,"india,bangladesh,china,southeast asia,new guinea",1,105.9734939,11.8972586,17,64,4,13,8.5,NA,"Biswas, V. & Raychaudhuri, D. (2018). New species of the genus Eriovixia Archer, 1951 (Araneae: Araneidae) from Bangladesh. Bangladesh Journal of Zoology 46(1): 1-10"
Eriovixia_sp,NA,NA,NA,NA,0,NA,NA,,NA,,NA,NA,NA,NA,NA,,,,,,,
Euryopis_funebris,continent,no,no,USA,161,27,1929602.64,9462727.54,14.899984,41.07063035,continent,usa,0,-83.04822764,40.62549161,10,19,3,5,4.7,2.8,"Levi, H. W. (1954b). Spiders of the genus Euryopis from North and Central America (Araneae, Theridiidae). American Museum Novitates 1666: 1-48."
Eustala_117,NA,NA,NA,NA,0,NA,NA,,NA,,NA,NA,NA,NA,NA,,,,,,,
Eustala_anastera,island_continent,yes,yes,"North America, Central America",624,186,5593800.795,21875348.71,35.077202,52.05850925,island_continent,"north america,central america",1,-88.73409051,38.31367989,30,59,8,17,10,9.5,"Levi, H. W. (1977a). The American orb-weaver genera Cyclosa, Metazygia and Eustala north of Mexico (Araneae, Araneidae). Bulletin of the Museum of Comparative Zoology 148: 61-127"
Eustala_cepina,continent,yes,yes,North America,139,6,1036736.412,21357404.83,13.275331,52.05850925,continent,north america,0,-90.74556304,34.60416476,5,17,2,2,7.9,4.3,"Levi, H. W. (1977a). The American orb-weaver genera Cyclosa, Metazygia and Eustala north of Mexico (Araneae, Araneidae). Bulletin of the Museum of Comparative Zoology 148: 61-127."
Eustala_emertoni,continent,no,no,"USA, Mexico",126,1,0,11420054.47,0,41.07063035,continent,"usa,mexico",0,-81.863273,30.195343,1,1,1,1,7.6,5,"Levi, H. W. (1977a). The American orb-weaver genera Cyclosa, Metazygia and Eustala north of Mexico (Araneae, Araneidae). Bulletin of the Museum of Comparative Zoology 148: 61-127."
Exalbidion_pallisterorum,continent,no,no,Mexico,2,NA,NA,,NA,,NA,NA,0,NA,NA,,,,,,,
Exechocentrus_lancearius,NA,no,no,Madagascar,3,NA,NA,,NA,,NA,NA,NA,NA,NA,,,,,,,
Faiditus_chickeringi,continent,no,no,Panama,12,NA,NA,,NA,,NA,NA,0,NA,NA,,,,,,,
Gasteracantha_cancriformis,island_continent,yes,yes,"North America, Central America, Caribbean, South America",12956,7953,23120888.52,39715123.3,76.60355,109.6740354,island_continent,"north america,central america,caribbean,south america",1,-69.09161078,2.089057712,147,224,13,24,8.6,2.7,"Levi, H. W. (1978a). The American orb-weaver genera Colphepeira, Micrathena and Gasteracantha north of Mexico (Araneae, Araneidae). Bulletin of the Museum of Comparative Zoology 148: 417-442"
Gasteracantha_diardi,island_continent,yes,yes,"India, China, Laos, Thailand, Malaysia, Indonesia",213,111,2203082.311,15490385.51,27.428709,45.42229679,island_continent,"india,china,laos,thailand,malaysia,indonesia",1,112.8710475,1.11610915,19,42,4,10,8,NA,"Tan, J., Chan, Z. J., Ong, C. A. & Yong, H. S. (2019a). Phylogenetic relationships of Actinacantha Simon, Gasteracantha Sundevall, Macracantha Hasselt and Thelacantha Simon spiny orbweavers (Araneae: Araneidae) in Peninsular Malaysia. Raffles Bulletin of Zoology 67: 32-55"
Gasteracantha_doriae,island_continent,yes,yes,"Thailand, Malaysia, Singapore, Indonesia",71,43,391274.4852,2736680.269,11.72281,23.94100463,island_continent,"thailand,malaysia,singapore,indonesia",1,NA,NA,5,22,3,7,8,,"Macharoenboon, K., Siriwut, W. & Jeratthitikul, E. (2021). A review of the taxonomy of spiny-backed orb-weaving spiders of the subfamily Gasteracanthinae (Araneae, Araneidae) in Thailand. ZooKeys"
Gasteracantha_falcicornis,island_continent,yes,yes,"Tanzania, Zambia, Malawi, South Africa, Eswatini ",0,371,574838.1223,3049692.476,-11.868796,-22.7336234,island_continent,"Tanzania, Zambia, Malawi, South Africa, Eswatini ",1,35.92777243,-13.01473921,9,20,6,10,6.3,,"Emerit, M. (1974). Arachnides araignées Araneidae Gasteracanthinae. Faune Madagascar 38: 1-215"
Gasteracantha_fornicata,island_continent,yes,yes,Australia ,0,13,242553.2921,7691990.893,-5.992652,39.01717104,island_continent,Australia ,1,143.6902352,-18.08223749,6,7,6,10,10,,https://www.arachne.org.au/01_cms/details.asp?ID=2375
Gasteracantha_kuhli,island_continent,yes,yes,"India, China, Southeast Asia, North Korea, Korea, South Asia, Japan, Philippines and Indonesia",1015,334,10279258.19,21083566.66,48.918141,48.97584522,island_continent,"india,china,southeast asia,north korea,korea,south asia,japan,philippines,indonesia",1,101.795767,21.84411565,43,120,7,22,8,4,"Tanikawa, A. (2007c). An identification guide to the Japanese spiders of the families Araneidae, Nephilidae and Tetragnathidae. Arachnological Society of Japan, 121 pp"
Gasteracantha_taeniata,island_continent,yes,yes,"India, Polynesia, New Guinea, Papua New Guinea, Solomon Is.",0,98,5006177.637,3938593.438,20.652036,79.37769928,island_continent,"India, Polynesia, New Guinea, Papua New Guinea, Solomon Is.",1,144.999864,-6.166784508,4,11,3,6,8.5,3,"Chrysanthus, P. (1959). Spiders from south New Guinea II. Nova Guinea N.S. 10: 197-206."
Gea_heptagon,island_continent,yes,yes,"Pacific Is.,, Australia, Introduced to USA to Argentina",843,425,4554491.421,19937874.28,18.723654,82.13386037,island_continent,"pacific is.,,australia,introduced,usa,argentina",1,-92.87073422,36.51876272,27,41,6,19,4.5,2.6,"Levi, H. W. (1968a). The spider genera Gea and Argiope in America (Araneae: Araneidae). Bulletin of the Museum of Comparative Zoology 136: 319-352"
Gea_theridioides,island_continent,yes,yes,Australia,157,80,1850841.536,7691990.893,12.472082,39.01717104,island_continent,australia,1,141.6928182,-32.50224825,9,20,7,11,6,2.5,http://www.findaspider.org.au/find/spiders/132.htm
Gibbaranea_261,NA,NA,NA,NA,0,NA,NA,,NA,,NA,NA,NA,NA,NA,,,,,,,
Gibbaranea_bituberculata,island_continent,yes,yes,"North Africa, Europe, Turkey, Israel, Russia, Europe, Iran, Central Asia, South Asia, China, Japan, India",2814,1924,7874578.302,54790037.92,33.774549,71.49960093,island_continent,"north africa,europe,turkey,israel,russia,iran,central asia,south asia,china,japan,india",1,23.72283589,50.81815851,28,51,10,14,8.9,5.7,https://araneae.nmbe.ch/data/79/Gibbaranea_bituberculata
Gibbaranea_occidentalis,island,yes,yes,Azores,1848,1553,2395.573397,91643.57843,2.55811,0,island,azores,1,-25.50143625,37.81035055,1,1,4,4,8.5,5.5,"Wunderlich, J. (1992a). Die Spinnen-Fauna der Makaronesischen Inseln: Taxonomie, Ökologie, Biogeographie und Evolution. Beiträge zur Araneologie 1: 1-619. download pdf"
Gnolus_cordiformis,continent,no,no,"Chile, Argentina",38,21,124307.472,3517370.817,11.200673,-0.265388753,continent,"chile,argentina",0,-71.97378991,-37.15140846,2,2,6,13,5.29,4.5,"Nicolet, H. (1849). Aracnidos. In: Gay, C. (ed.) Historia física y política de Chile. Zoología 3, 319-543, pl. 1-5"
Helvibis_cf,NA,NA,NA,NA,0,NA,NA,,NA,,NA,NA,NA,NA,NA,,,,,,,
Herennia_multipuncta,island_continent,no,no,"India, South Asia, China, Vietnam, Borneo, Sulawesi",271,90,5404599.706,18276630.88,36.231571,45.42229679,island_continent,"india,south asia,china,vietnam,borneo,sulawesi",1,103.3389336,14.8558461,24,86,6,16,12.8,3.5,"Kuntner, M. (2005a). A revision of Herennia (Araneae: Nephilidae: Nephilinae), the Australasian 'coin spiders'. Invertebrate Systematics 19(5): 391-436."
Hingstepeira_folisecens,NA,no,no,"Colombia, Brazil, Guyana, Suriname, French Guiana",28,NA,NA,,NA,,NA,NA,NA,NA,NA,,,,,,,
Hortophora_transmarina,island_continent,yes,yes,"Papua New Guinea, Australia",0,NA,NA,,NA,,NA,NA,1,NA,NA,,,,,,,
Hypognatha_224,NA,NA,NA,NA,0,NA,NA,,NA,,NA,NA,NA,NA,NA,,,,,,,
Hypsosinga_heri,island_continent,no,no,"Europe, Caucasus, Russia, Siberia, Israel, Iran, Central Asia, China",583,416,2976874.942,41750995.08,16.79324,56.85398309,island_continent,"europe,caucasus,russia,siberia,israel,iran,central asia,china",1,18.34604629,52.49080071,13,22,5,12,5.5,3.9,"Levy, G. (1984). The spider genera Singa and Hypsosinga (Araneae, Araneidae) in Israel. Zoologica Scripta 13(2): 121-133."
Hypsosinga_pygmaea,island_continent,NA,NA,"North America, Europe, Turkey, Israel, Caucasus, Russia, Iran, Central Asia, China, Korea, Japan, Vietnam, Turkey",2277,1396,19898783.01,64030277.87,38.934579,68.87868535,island_continent,"north america,europe,turkey,israel,caucasus,russia,iran,central asia,china,korea,japan,vietnam",1,-103.188396,51.39270568,28,103,9,18,4.2,2.8,"Levy, G. (1984). The spider genera Singa and Hypsosinga (Araneae, Araneidae) in Israel. Zoologica Scripta 13(2): 121-133."
Hypsosinga_sanguinea,island_continent,yes,yes,"Europe, North Africa, Turkey, Russia, Iran, Central Asia, China, Korea, Japan",1299,793,5685936.456,50594211.41,29.0343,67.45370285,island_continent,"europe,north africa,turkey,russia,iran,central asia,china,korea,japan",1,21.93677262,52.72901872,18,31,7,3,5.4,0.5,https://araneae.nmbe.ch/data/1150/Hypsosinga_sanguinea
Hyptiotes_cavatus,NA,NA,NA,NA,50,NA,NA,,NA,,NA,NA,NA,-83.35025154,39.18854323,,,,,,,
Isoxya_mahafalensis,island,no,no,Madagascar,5,2,0,592983.4955,0,0,island,madagascar,1,46.984537,-18.476809,1,1,1,1,5.5,3.3,"Emerit, M. (1974). Arachnides araignées Araneidae Gasteracanthinae. Faune Madagascar 38: 1-215"
Kaira_alba,continent,no,no,"USA, Mexico",30,6,359099.558,11420054.47,6.66056,41.07063035,continent,"usa,mexico",0,-89.7652172,30.44294217,4,10,2,3,7.2,2.9,"Levi, H. W. (1993c). The orb-weaver genus Kaira (Araneae: Araneidae). Journal of Arachnology 21(3): 209-225."
Kochiura_aulica,island_continent,no,no,"Cape Verde Is.,,Europe, Caucasus, Turkey, Iran",1843,NA,NA,,NA,,NA,NA,1,NA,NA,,,,,,,
Kochiura_rosea,continent,no,no,Chile,49,10,83200.16046,734214.965,10.019089,0,continent,chile,0,-71.90549975,-37.07534663,2,2,3,10,3.1,2.3,"Levi, H. W. (1963f). The American spiders of the genus Anelosimus (Araneae, Theridiidae). Transactions of the American Microscopical Society 82(1): 30-48."
Larinia_bonneti,island_continent,no,no,"France, Central Europe, Hungary, Caucasus, Russia, Europe, Japan",40,23,144777.8966,26511758.29,3.90475,56.85398309,continent,"france,central europe,hungary,caucasus,russia,europe,japan",1,2.014597256,45.53331244,4,5,2,6,6.07,3.73,https://araneae.nmbe.ch/data/3884/Larinia_bonneti
Larinia_borealis,continent,yes,yes,North America,89,37,1540046.324,21357404.83,20.652036,52.05850925,continent,north america,0,-101.5053351,42.24929331,14,43,6,18,8,5.4,"Levi, H. W. (1975b). The American orb-weaver genera Larinia, Cercidia and Mangora north of Mexico (Araneae, Araneidae). Bulletin of the Museum of Comparative Zoology 147: 101-135."
Larinia_directa,island_continent,yes,yes,"USA, Central America, South America",307,53,10196987.31,29777772.94,67.828662,98.68615651,island_continent,"usa,central america,south america",1,-72.34364356,6.03402855,24,154,9,23,11.7,6.5,"Levi, H. W. (1975b). The American orb-weaver genera Larinia, Cercidia and Mangora north of Mexico (Araneae, Araneidae). Bulletin of the Museum of Comparative Zoology 147: 101-135"
Lariniaria_argiopiformis,NA,no,no,"Russia, China, Korea, Japan",83,NA,NA,,NA,,NA,NA,NA,NA,NA,,,,,,,
Larinioides_cornutus,island_continent,no,no,"North America, Europe, Turkey, Israel, Caucasus, Russia, Europe, Iran, China, Korea, Japan",14949,3483,NA,59085046.12,44.167796,68.87868535,island_continent,"north america,europe,turkey,israel,caucasus,russia,iran,china,korea,japan",1,-72.34364356,6.03402855,84,NA,17,NA,20,10.4,https://araneae.nmbe.ch/data/461/Larinioides_cornutus
Lasaeola_prona,island_continent,no,no,"North America, Russia, Kazakhstan, Iran, Japan",204,1,0,43023770.79,0,55.78063288,continent,"north america,russia,kazakhstan,iran,japan",0,53.1441,57.0326,1,1,1,1,3,2.8,https://araneae.nmbe.ch/data/2129/Lasaeola_prona
Lasaeola_tristis,island_continent,no,no,"Europe, Kazakhstan, Iran, Central Asia, Russia (South Siberia)",812,367,4228215.092,32377803.05,25.5554,56.85398309,island_continent,"europe,kazakhstan,iran,central asia,russia",1,34.74433814,54.78719065,13,24,5,13,4,3.2,https://araneae.nmbe.ch/data/1283/Lasaeola_tristis
Latrodectus_cinctus,continent,yes,yes,"Cape Verde, Africa, Oman, Kuwait, Iran",0,5,737403.0341,31842721.96,22.848767,63.69610402,continent,"Cape Verde, Africa, Oman, Kuwait, Iran",0,29.05346348,20.29175419,2,22,3,3,,,
Latrodectus_geometricus,island_continent,no,no,Africa,6710,324,20619390.19,29892056.69,64.57137,63.69610402,island_continent,africa,1,18.14635908,2.548090209,27,89,11,19,13,6.2,https://araneae.nmbe.ch/data/2135/Latrodectus_geometricus
Latrodectus_mactans,island_continent,no,no,North America,4289,1565,6450790.001,21357404.83,28.70526,52.05850925,island_continent,north america,0,-95.90662596,32.2142002,57,82,14,23,11,4,"Levi, H. W. (1967c). Cosmopolitan and pantropical species of theridiid spiders (Araneae: Theridiidae). Pacific Insects 9: 175-186"
Latrodectus_renivulvatus,continent,yes,yes,"Africa, Iraq",59,14,1534523.746,30329423.85,14.110151,63.69610402,continent,"africa,iraq",0,24.82213541,-27.19943049,9,20,5,14,13.2,3.1,"Knoflach, B. & Harten, A. van (2002). The genus Latrodectus (Araneae: Theridiidae) from mainland Yemen, the Socotra Archipelago and adjacent countries. Fauna of Arabia 19: 321-361."
Leucauge_venusta,NA,NA,NA,NA,8172,NA,NA,,NA,,NA,NA,NA,-94.717788,38.9011284,,,,,,,
Leviana_dimidiatus,NA,NA,NA,NA,0,NA,NA,,NA,,NA,NA,NA,NA,NA,,,,,,,
Leviana_mulieraria,NA,no,no,Australia,0,NA,NA,,NA,,NA,NA,NA,NA,NA,,,,,,,
Macracantha_arcuata,island_continent,yes,yes,"India, Sri Lanka, China, Myanmar, Thailand, Cambodia, Indonesia",352,118,2552246.477,15844682.8,34.397813,45.42229679,island_continent,"india,sri lanka,china,myanmar,thailand,cambodia,indonesia",1,102.5993727,14.5158356,16,48,5,9,8.6,NA,"Tikader, B. K. (1982a). Part 1. Family Araneidae (= Argiopidae). Typical orb-weavers. In: The fauna of India. Spiders: Araneae. Vol. II. Zoological Survey of India, Calcutta, pp. 1-293"
Madacantha_nossibeana,NA,no,no,Madagascar,2,NA,NA,,NA,,NA,NA,NA,NA,NA,,,,,,,
Mangora_gibberosa,island_continent,no,no,North America,1137,452,5133578.754,21357404.83,23.56574,52.05850925,island_continent,north america,1,-89.4980808,38.93126877,33,44,9,13,3.2,4.8,"Levi, H. W. (1975b). The American orb-weaver genera Larinia, Cercidia and Mangora north of Mexico (Araneae, Araneidae). Bulletin of the Museum of Comparative Zoology 147: 101-135"
Mastophora_apalachicola,NA,no,no,USA,3,NA,NA,,NA,,NA,NA,NA,NA,NA,,,,,,,
Mastophora_archeri,NA,no,no,USA,4,NA,NA,,NA,,NA,NA,NA,NA,NA,,,,,,,
Mastophora_bisaccata,continent,no,no,"USA, Mexico",32,15,1110079.12,11420054.47,12.900377,41.07063035,continent,"usa,mexico",0,-82.81108528,36.54376193,6,16,2,4,15.3,1.8,"Levi, H. W. (2003). The bolas spiders of the genus Mastophora (Araneae: Araneidae). Bulletin of the Museum of Comparative Zoology 157(5): 309-382."
Mastophora_cornigera,continent,no,no,"USA, Central America",94,33,2490989.75,11937998.34,10.795242,41.07063035,continent,"usa,central america",0,-98.86722003,33.4115076,10,30,6,12,14,1.7,"Levi, H. W. (2003). The bolas spiders of the genus Mastophora (Araneae: Araneidae). Bulletin of the Museum of Comparative Zoology 157(5): 309-382."
Mastophora_hutchinsoni,island_continent,no,no,"USA, Canada",38,18,602658.0007,19400077.9,7.430449,52.05850925,island_continent,"usa,canada",1,-79.19001732,41.34604606,5,13,3,4,10.4,1.7,"Levi, H. W. (2003). The bolas spiders of the genus Mastophora (Araneae: Araneidae). Bulletin of the Museum of Comparative Zoology 157(5): 309-382."
Mastophora_phrynosoma,continent,no,no,USA,67,44,733435.1154,9462727.54,8.035792,41.07063035,continent,usa,0,-83.28551891,38.27314487,10,13,3,4,12.3,1.7,"Levi, H. W. (2003). The bolas spiders of the genus Mastophora (Araneae: Araneidae). Bulletin of the Museum of Comparative Zoology 157(5): 309-382."
Mastophora_stowei,continent,no,no,USA,10,1,0,9462727.54,0,41.07063035,continent,usa,0,-77.932138,40.723415,1,1,1,1,10.5,1.7,"Levi, H. W. (2003). The bolas spiders of the genus Mastophora (Araneae: Araneidae). Bulletin of the Museum of Comparative Zoology 157(5): 309-382."
Mecynogea_lemniscata,island_continent,no,no,"USA, Central America, South America",1343,823,19434927.19,29777772.94,80.131163,98.68615651,island_continent,"usa,central america,south america",1,-66.89943705,-2.35093679,40,194,9,18,8.6,6.6,"Levi, H. W. (1980a). The orb-weaver genus Mecynogea, the subfamily Metinae and the genera Pachygnatha, Glenognatha and Azilia of the subfamily Tetragnathinae north of Mexico (Araneae: Araneidae). Bulletin of the Museum of Comparative Zoology 149: 1-74"
Meotipa_sp,NA,NA,NA,NA,0,NA,NA,,NA,,NA,NA,NA,NA,NA,,,,,,,
Meta_ovalis,NA,NA,NA,NA,253,NA,NA,,NA,,NA,NA,NA,-82.38977162,42.60958556,,,,,,,
Metazygia_wittfeldae,continent,no,no,"North America, Central America",170,50,1092686.055,21875348.71,20.387093,52.05850925,continent,"north america,central america",0,-91.36513023,17.65526965,10,37,5,10,8,5.8,"Levi, H. W. (1977a). The American orb-weaver genera Cyclosa, Metazygia and Eustala north of Mexico (Araneae, Araneidae). Bulletin of the Museum of Comparative Zoology 148: 61-127. download pdf"
Metellina_segmentata,NA,NA,NA,NA,9107,NA,NA,,NA,,NA,NA,NA,20.67475131,53.0889043,,,,,,,
Metepeira_21,NA,NA,NA,NA,0,NA,NA,,NA,,NA,NA,NA,NA,NA,,,,,,,
Micrathena_crassa,continent,yes,yes,"Costa Rica, Panama, South America",0,43,2196151.484,20315045.4,37.539376,84.04525912,continent,"Costa Rica, Panama, South America",0,-72.93081457,-7.343220955,8,45,7,8,,,
Micrathena_gracilis,continent,no,no,"North, Central America",5452,429,1396381.543,2475270.804,16.452633,15.42247657,continent,"north,central america",0,-97.0558993,19.5666676,37,44,10,16,10.8,5.1,"Levi, H. W. (1978a). The American orb-weaver genera Colphepeira, Micrathena and Gasteracantha north of Mexico (Araneae, Araneidae). Bulletin of the Museum of Comparative Zoology 148: 417-442."
Micrathena_lucasi,continent,yes,yes,"Mexico, Central America, Colombia, Venezuela, Brazil",0,140,1244091.65,12991659.12,17.136088,34.78069863,continent,"Mexico, Central America, Colombia, Venezuela, Brazil",0,-69.23810914,10.2131246,19,54,7,13,6.8,4.8,"Levi, H. W. (1985a). The spiny orb-weaver genera Micrathena and Chaetacis (Araneae: Araneidae). Bulletin of the Museum of Comparative Zoology 150: 429-618"
Micrathena_militaris,island,no,no,Greater Antilles,26,15,41933.86378,205278.2182,1.636021,3.458817857,island,greater antilles,1,-70.03502304,18.8144571,4,6,5,8,8.1,5.4,"Levi, H. W. (1985a). The spiny orb-weaver genera Micrathena and Chaetacis (Araneae: Araneidae). Bulletin of the Museum of Comparative Zoology 150: 429-618."
Micrathena_plana,island_continent,yes,yes,"Virgin Is., South America",0,177,11561014.38,20315045.4,39.282838,84.04525912,island_continent,"Virgin Is., South America",1,-57.48889543,-12.2473937,27,73,7,18,6.1,5.4,"Levi, H. W. (1985a). The spiny orb-weaver genera Micrathena and Chaetacis (Araneae: Araneidae). Bulletin of the Museum of Comparative Zoology 150: 429-618"
Micrathena_sagittata,island_continent,no,no,"North America, Central America",2029,1235,5206958.698,21875348.71,34.773152,52.05850925,island_continent,"north america,central america",1,-90.73148259,31.56417582,44,79,9,19,9.4,5.5,"Levi, H. W. (1985a). The spiny orb-weaver genera Micrathena and Chaetacis (Araneae: Araneidae). Bulletin of the Museum of Comparative Zoology 150: 429-618"
Moneta_sp,NA,NA,NA,NA,0,NA,NA,,NA,,NA,NA,NA,NA,NA,,,,,,,
Neoscona_crucifera,island_continent,yes,no,North America,5500,2722,7739822.947,21357404.83,31.226922,52.05850925,island_continent,north america,1,-97.5170983,35.82430966,46,83,13,24,13.58,12.11,"Dondale, C. D., Redner, J. H., Paquin, P. & Levi, H. W. (2003). The insects and arachnids of Canada. Part 23. The orb-weaving spiders of Canada and Alaska (Araneae: Uloboridae, Tetragnathidae, Araneidae, Theridiosomatidae). NRC Research Press, Ottawa, 371 pp"
Neoscona_domiciliorum,island_continent,no,no,USA,1274,752,2793914.357,9462727.54,16.93595,41.07063035,island_continent,usa,1,-88.02145427,35.91994031,22,29,7,10,16.2,9,"Berman, J. D. & Levi, H. W. (1971). The orb weaver genus Neoscona in North America (Araneae: Araneidae). Bulletin of the Museum of Comparative Zoology 141: 465-500."
Neoscona_mellotteei,island_continent,no,no,"China, Korea, Taiwan, Japan",184,18,359700.17,10002377.84,10.573518,18.0352402,island_continent,"china,korea,taiwan,japan",1,127.9819345,35.51603515,5,11,2,9,10,,"Baba, Y. G. & Tanikawa, A. (2015). The handbook of spiders. Bun-ichi Sogo Shuppan, Tokyo, 112 pp"
Neoscona_mukerjei,continent,yes,yes,"Pakistan, India, Bangladesh",20,12,939099.5368,4162997.149,16.163667,12.47897777,continent,"pakistan,india,bangladesh",0,NA,NA,9,14,3,9,9.5,8,"Biswas, V. & Raychaudhuri, D. (2013c). Orb-weaving spiders of Bangladesh: genus Neoscona Simon (Araneae: Araneidae). Records of the Zoological Survey of India 113(2): 169-188"
Neoscona_punctigera,island_continent,yes,yes,"Reunion, India, Myanmar, China, Korea, Japan, Indonesia, Philippines, New Guinea, Australia",252,22,542384.4805,24128087.4,14.522091,65.74546175,island_continent,"reunion,india,myanmar,china,korea,japan,indonesia,philippines,new guinea,australia",1,119.3214458,28.62196704,5,9,3,7,16,,"Baba, Y. G. & Tanikawa, A. (2015). The handbook of spiders. Bun-ichi Sogo Shuppan, Tokyo, 112 pp"
Neoscona_scylla,island_continent,yes,yes,"Russia, Pakistan, China, Korea, Japan",555,32,457111.4751,27796595.93,17.020686,39.52467199,island_continent,"russia,pakistan,china,korea,japan",1,138.2203472,36.5195756,4,11,4,10,16,,"Baba, Y. G. & Tanikawa, A. (2015). The handbook of spiders. Bun-ichi Sogo Shuppan, Tokyo, 112 pp"
Neoscona_subfusca,island_continent,yes,yes,"Southern Europe, Africa, Turkey, Middle East, Ukraine, Caucasus, Russia, Tanzania, Equatorial Guinea",2402,1049,28577205.7,55587066.07,82.870434,91.2410869,island_continent,"southern europe,africa,turkey,middle east,ukraine,caucasus,russia,tanzania,equatorial guinea",1,20.10539769,11.99234104,36,143,14,21,11.2,6.2,https://araneae.nmbe.ch/data/1364/Neoscona_subfusca
Neoscona_subpullata,NA,yes,yes,"China, Korea, Japan",173,NA,NA,,NA,,NA,NA,NA,NA,NA,,,,,,,
Neoscona_theisi,island_continent,no,no,"Cyprus, Israel, Caucasus, Iran, Pakistan, India, Nepal, Philippines, China to Indonesia, Japan, Australia., , Vietnam, New Caledonia, West, Central, East Africa, Mozambique, South Africa, Eswatini, Yemen, New Guinea",1083,26,3974737.189,32590757.47,60.374107,71.17805022,continent,"cyprus,israel,caucasus,iran,pakistan,india,nepal,philippines,china,indonesia,japan,australia.,,vietnam,new caledonia,west,central,east africa,mozambique,south africa,eswatini,yemen,new guinea",1,NA,NA,17,60,5,9,10,7,"Namkung, J. (2002). The spiders of Korea. Kyo-Hak Publishing Co., Seoul, 648 pp. [2001 in the book, but publ. in 2002 per Platnick"
Neospintharus_trigonum,island_continent,no,no,"USA, Canada",819,125,3390300.343,19400077.9,18.715502,52.05850925,island_continent,"usa,canada",1,-82.18410065,41.14501222,15,28,3,5,4.2,2.5,"Exline, H. & Levi, H. W. (1962). American spiders of the genus Argyrodes (Araneae, Theridiidae). Bulletin of the Museum of Comparative Zoology 127: 75-204"
Neottiura_bimaculata,island_continent,no,no,"North America, Russia, Kazakhstan, Iran, Central Asia, China, Japan, Spain, France, Italy",6404,1369,6118771,55744468.56,22.243658,55.78063288,island_continent,"north america,russia,kazakhstan,iran,central asia,china,japan,spain,france,italy",1,-82.18410065,41.14501222,16,64,8,2,3.5,2.5,https://araneae.nmbe.ch/data/56/Neottiura_bimaculata
Nephila_pilipes,island_continent,yes,yes,"India, China, Vietnam, Philippines, Australia",0,4282,17310103.16,20840310.77,68.286982,62.19191331,island_continent,"India, China, Vietnam, Philippines, Australia",1,113.5915506,-0.641795359,59,173,12,24,37.5,4.1,"Harvey, M. S., Austin, A. D. & Adams, M. (2007). The systematics and biology of the spider genus Nephila (Araneae: Nephilidae) in the Australasian region. Invertebrate Systematics 21(5): 407-451."
Nephila_vitiana,island,yes,yes,"Indonesia, Fiji, Tonga",0,32,64875.26694,1913408.892,-3.306519,-20.98065077,island,"Indonesia, Fiji, Tonga",1,113.5586627,-8.04277245,6,6,4,8,41,,"Merian, P. (1911). Die Spinnenfauna von Celebes. Beiträge zur Tiergeographie im Indoaustralischen Archipel. Zoologische Jahrbücher, Abteilung für Systematik, Geographie und Biologie der Tiere 31: 165-354."
Nephilengys_malabarensis,island_continent,no,no,"India, China, South Asia, Southeast Asia, Philippines, Indonesia, Japan",376,148,3002301.034,20863012.59,27.825253,45.45150832,island_continent,"india,china,south asia,southeast asia,philippines,indonesia,japan",1,114.7849604,1.41931005,29,65,4,11,15.4,4.4,"Kuntner, M. (2007). A monograph of Nephilengys, the pantropical 'hermit spiders' (Araneae, Nephilidae, Nephilinae). Systematic Entomology 32(1): 95-135"
Nephilingis_livida,island,yes,yes,"Madagascar, Comoros, Mayotte, Seychelles",0,81,442810.3831,595071.5354,-13.550835,-14.71496446,island,"Madagascar, Comoros, Mayotte, Seychelles",1,47.04596412,-18.5477685,7,8,7,9,23.6,3.5,"Kuntner, M. & Agnarsson, I. (2011). Biogeography and diversification of hermit spiders on Indian Ocean islands (Nephilidae: Nephilengys). Molecular Phylogenetics and Evolution 59(2): 477-488"
Neriene,NA,NA,NA,NA,0,NA,NA,,NA,,NA,NA,NA,NA,NA,,,,,,,
Nesticodes_rufipes,island_continent,no,no,Central and South America,1302,489,17943581.04,25624625.68,64.979085,84.04525912,island_continent,"central,south america",1,-62.84945866,-8.749203916,68,171,12,16,7.63,NA,"Sekhar, R. & Sunil Jose, K. (2017). New distributional records of Nesticodes rufipes (Lucas, 1846) in India. Munis Entomology and Zoology 12(2): 478-480"
Novakiella_trituberculosa,island_continent,no,no,"Australia, New Zealand",111,33,983217.1974,7959749.401,14.851715,57.43007084,island_continent,"australia,new zealand",1,148.9719384,-34.33673688,8,16,5,12,9,5.3,"Framenau, V. W., Vink, C. J., Scharff, N., Baptista, R. L. C. & Castanheira, P. de S. (2021a). Review of the Australian and New Zealand orb-weaving spider genus Novakiella (Araneae, Araneidae). Zoosystematics and Evolution 97(2): 393-405."
Nuctenea_umbratica,island_continent,no,no,"Europe, Azerbaijan, Iran",12998,9842,6687827.87,27765477.57,31.751264,82.10629988,island_continent,"europe,azerbaijan,iran",1,20.49470762,50.45587554,40,51,12,14,16,9,https://araneae.nmbe.ch/data/1322/Nuctenea_umbratica
Ocrepeira_ectypa,continent,no,no,USA,21,2,0,9462727.54,5.253968,41.07063035,continent,usa,0,-94.679482,39.195453,2,8,2,2,9.4,7.2,"Levi, H. W. (1976). The orb-weaver genera Verrucosa, Acanthepeira, Wagneriana, Acacesia, Wixia, Scoloderus and Alpaida north of Mexico. Bulletin of the Museum of Comparative Zoology 147: 351-391."
Ohlertidion_ohlerti,continent,no,no,North America,842,25,321338.4309,21357404.83,8.53148,52.05850925,continent,north america,0,-151.0766472,65.10569684,5,8,2,6,3.6,3.5,https://araneae.nmbe.ch/data/928/Ohlertidion_ohlerti
Paidiscura_pallens,island_continent,yes,yes,"Europe, Georgia, Russia, South Siberia",5167,2874,2797369.058,26139333.12,29.481408,56.85398309,island_continent,"europe,georgia,russia,south siberia",1,9.130994074,52.18079418,21,28,6,14,2,1.5,https://araneae.nmbe.ch/data/919/Paidiscura_pallens
Paralarinia_199,NA,NA,NA,NA,0,NA,NA,,NA,,NA,NA,NA,NA,NA,,,,,,,
Paraplectana_tsushimensis,island_continent,no,no,"China, Taiwan, Japan",21,4,5768.419071,9781823.774,2.256998,14.5109033,island_continent,"china,taiwan,japan",1,120.8589241,24.47138815,2,2,2,4,10,,"Tanikawa, A. (2009). Hersiliidae. Nephilidae, Tetragnathidae, Araneidae. In: Ono, H. (ed.) The spiders of Japan with keys to the families and genera and illustrations of the species. Tokai University Press, Kanagawa, pp. 149, 403-463"
Paraplectanoides_crassipes,island_continent,no,no,Australia,30,5,1827739.647,7691990.893,17.4624,39.01717104,island_continent,australia,1,140.4196586,-32.67358781,3,23,3,12,12.3,2,"Hickman, V. V. (1976). On Paraplectanoides crassipes Keyserling (Araneae: Araneidae). Bulletin of the British Arachnological Society 3(6, for 1975): 166-174"
Parasteatoda_tabulata,continent,no,no,Tropical Asia,573,1,0,30166673.63,0,56.95997934,continent,tropical asia,0,121.441108,28.598415,1,1,1,1,4.6,2.9,https://araneae.nmbe.ch/data/1167/Parasteatoda_tabulata
Parawixia_dehaani,island_continent,NA,NA,"India, Southeast Asia, Philippines, Indonesia, New Guinea",388,94,3056131.082,8054540.977,28.712401,44.19518295,island_continent,"india,southeast asia,philippines,indonesia,new guinea",1,113.7231298,1.7418026,23,67,4,11,23,NA,"Biswas, V. & Raychaudhuri, D. (2017a). A new record of the orb-weaving spider genus Parawixia F.O. Pickard-Cambridge, 1904 from Bangladesh (Araneae: Araneidae). Serket 15(3): 113-118"
Parawixia_kochi,NA,NA,NA,"Trinidad and Tobago, Brazil, Guyana, French Guiana",143,NA,NA,,NA,,NA,NA,NA,NA,NA,,,,,,,
Parmatergus_116,NA,NA,NA,NA,0,NA,NA,,NA,,NA,NA,NA,NA,NA,,,,,,,
Pasilobus_122,NA,NA,NA,NA,0,NA,NA,,NA,,NA,NA,NA,NA,NA,,,,,,,
Perilla_teres,NA,no,no,"Myanmar, Vietnam, Malaysia",10,NA,NA,,NA,,NA,NA,NA,NA,NA,,,,,,,
Pholcomma_hirsutum,continent,no,no,USA,181,2,0,9462727.54,2.636063,41.07063035,continent,usa,0,-81.13115,37.523378,1,1,1,3,1.6,,"Levi, H. W. (1957d). The North American spider genera Paratheridula, Tekellina, Pholcomma and Archerius (Araneae: Theridiidae). Transactions of the American Microscopical Society 76(2): 105-115"
Phonognatha_graeffei,island_continent,no,no,Australia,1373,564,4008211.329,7691990.893,25.857526,39.01717104,island_continent,australia,1,140.44054,-29.27954482,17,30,8,17,8.61,7.86,"Kallal, R. J. & Hormiga, G. (2018b). Systematics, phylogeny and biogeography of the Australasian leaf-curling orb-weaving spiders (Araneae: Araneidae: Zygiellinae), with a comparative analysis of retreat evolution. Zoological Journal of the Linnean Society 184(4): 1055-1141."
Phoroncidia_americana,continent,no,no,"USA, Jamaica",82,7,37317.85197,9473753.601,5.96277,41.07063035,continent,"usa,jamaica",0,-76.54844214,37.18453384,2,5,3,3,2,2,"Paquin, P. & Dupérré, N. (2003). Guide d'identification des araignées de Québec. Fabreries, Supplement 11: 1-251."
Phoroncidia_sextuberculata,continent,yes,yes,Australia,0,31,629022.1684,7691990.893,-11.020231,39.01717104,continent,Australia,0,146.9012231,-33.09540214,3,7,4,9,,,
Phoroncidia_sp,NA,NA,NA,NA,0,NA,NA,,NA,,NA,NA,NA,NA,NA,,,,,,,
Phycosoma_mustelinum,island_continent,no,no,"Russia, Japan, Indonesia",794,NA,NA,,NA,,NA,NA,1,NA,NA,,,,,,,
Phylloneta_impressa,island_continent,no,no,"North America, Russia, Europe, Kazakhstan, Iran, Central Asia, China, India",3862,2244,7188892.171,66261309.92,26.71043,68.87868535,island_continent,"north america,russia,europe,kazakhstan,iran,central asia,china,india",1,-38.63936969,78.43957765,23,64,11,1,5.5,5.5,https://araneae.nmbe.ch/data/560/Phylloneta_impressa
Phylloneta_pictipes,island_continent,no,no,USA,74,32,286782.6038,9462727.54,4.916605,41.07063035,island_continent,usa,1,-82.80921452,36.34205496,6,7,1,4,5,3.5,"Levi, H. W. (1957a). The spider genera Enoplognatha, Theridion, and Paidisca in America north of Mexico (Araneae, Theridiidae). Bulletin of the American Museum of Natural History 112: 1-124."
Pimoa_121,NA,NA,NA,NA,0,NA,NA,,NA,,NA,NA,NA,NA,NA,,,,,,,
Platnickina_alabamensis,continent,no,no,USA,15,1,0,9462727.54,0,41.07063035,continent,usa,0,-94.079927,46.893075,1,1,1,1,3.7,2.5,"Levi, H. W. (1957a). The spider genera Enoplognatha, Theridion, and Paidisca in America north of Mexico (Araneae, Theridiidae). Bulletin of the American Museum of Natural History 112: 1-124."
Platnickina_mneon,continent,no,no,South America,74,7,577137.6519,20315045.4,18.829216,84.04525912,continent,south america,0,-58.61444774,-32.92032412,4,13,3,15,2.5,,"Bösenberg, W. & Strand, E. (1906). Japanische Spinnen. Abhandlungen der Senckenbergischen Naturforschenden Gesellschaft 30: 93-422"
Platnickina_punctosparsa,continent,no,no,USA,5,1,0,9462727.54,0,41.07063035,continent,usa,0,-70.905814,42.512454,1,1,1,1,3.9,2.5,"Levi, H. W. (1957a). The spider genera Enoplognatha, Theridion, and Paidisca in America north of Mexico (Araneae, Theridiidae). Bulletin of the American Museum of Natural History 112: 1-124"
Plebs_astridae,island,yes,yes,"China, Taiwan, Korea, Japan",0,7,9671.407019,,11.366883,,island,"China, Taiwan, Korea, Japan",1,135.8622698,33.7845746,1,1,2,,,,
Plebs_bradleyi,island_continent,yes,yes,"Australia, Tasmania",967,423,495754.3637,8512450.039,14.63546,59.16989275,island_continent,"australia,tasmania",1,147.6246006,-35.70894971,8,10,8,10,13.25,6.08,"Joseph, M. M. & Framenau, V. W. (2012). Systematic review of a new orb-weaving spider genus (Araneae: Araneidae), with special reference to the Australasian-Pacific and South-East Asian fauna. Zoological Journal of the Linnean Society 166(2): 279-341"
Plebs_cyphoxis,continent,yes,no,Australia,446,49,256890.2067,7691990.893,5.228444,39.01717104,continent,australia,0,118.8341096,-32.81903841,6,7,3,6,8.13,4.55,"Joseph, M. M. & Framenau, V. W. (2012). Systematic review of a new orb-weaving spider genus (Araneae: Araneidae), with special reference to the Australasian-Pacific and South-East Asian fauna. Zoological Journal of the Linnean Society 166(2): 279-341"
Plebs_sachalinensis,island_continent,yes,yes,"Russia, China, Korea, Japan",0,5,36341.54926,26923717,5.747909,39.52467199,island_continent,"Russia, China, Korea, Japan",1,134.5142988,43.82527155,2,3,3,7,,,
Poecilopachys_australasia,continent,no,no,Australia,718,179,1171554.229,7691990.893,21.55674,39.01717104,continent,australia,0,148.6653239,-28.82886385,4,10,4,15,7,2.3,http://www.findaspider.org.au/find/spiders/133.htm
Poltys_illepidus,continent,no,no,"Thailand, Southeast Asia, Australia",209,58,1495553.42,12128687.12,11.71667,46.78898399,continent,"thailand,southeast asia,australia",0,138.6796503,-18.7005683,7,11,5,11,16,3,"Tanikawa, A. (2009). Hersiliidae. Nephilidae, Tetragnathidae, Araneidae. In: Ono, H. (ed.) The spiders of Japan with keys to the families and genera and illustrations of the species. Tokai University Press, Kanagawa, pp. 149, 403-463"
Poltys_laciniosus,continent,no,no,Australia,174,114,5852128.574,7691990.893,23.538052,39.01717104,continent,australia,0,135.388676,-26.36506188,14,30,10,15,13.19,2.56,"Smith, H. M. (2006b). A revision of the genus Poltys in Australasia (Araneae: Araneidae). Records of the Australian Museum 58: 43-96."
Pycnacantha_fuscosa,NA,no,no,Madagascar,2,NA,NA,,NA,,NA,NA,NA,NA,NA,,,,,,,
Quokkaraneus_necopinus,NA,no,no,Australia,3,NA,NA,,NA,,NA,NA,NA,NA,NA,,,,,,,
Rhomphaea_metaltissima,continent,no,no,"Panama, Colombia, Brazil",12,2,0,9679258.871,0,19.35822206,continent,"panama,colombia,brazil",0,-48.135347,-10.452836,1,1,1,1,4.3,,"Exline, H. & Levi, H. W. (1962). American spiders of the genus Argyrodes (Araneae, Theridiidae). Bulletin of the Museum of Comparative Zoology 127: 75-204"
Robertus_lividus,island_continent,no,no,"USA, Russia, Europe, Iran",10493,3739,5905030.938,37224197.56,28.678485,68.87868535,island_continent,"usa,russia,europe,iran",1,40.4937141,56.7347862,23,29,9,2,4.5,4,https://araneae.nmbe.ch/data/737/Robertus_lividus
Robertus_neglectus,island_continent,no,no,Europe,942,499,4005708.383,26139333.12,26.243638,56.85398309,island_continent,europe,1,36.92562199,55.95505765,14,24,7,13,2.5,2.5,https://araneae.nmbe.ch/data/815/Robertus_neglectus
Rubrepeira_rubronigra,continent,yes,yes,"Central America, South America",28,10,35526.8625,20315045.4,3.234712,84.04525912,continent,"central america,south america",0,-77.25189481,-1.503256094,2,2,1,2,21.6,,"Galvis, W., Flórez-Daza, E. & Pinzon, J. (2018). New records of the rare orb-weaving spider Rubrepeira rubronigra from Colombia, with notes on its natural history (Araneae: Araneidae). Revista Ibérica de Aracnología 32: 139-141"
Rugathodes_aurantius,continent,no,no,North America,751,31,79041.33218,21357404.83,6.05033,52.05850925,continent,north america,0,-150.2099584,63.53461332,3,6,2,5,2.4,,"Levi, H. W. (1957a). The spider genera Enoplognatha, Theridion, and Paidisca in America north of Mexico (Araneae, Theridiidae). Bulletin of the American Museum of Natural History 112: 1-124"
Rugathodes_sexpunctatus,island_continent,no,no,USA,1570,398,4041608,9462727.54,18.142738,41.07063035,island_continent,usa,1,-150.2099584,63.53461332,6,35,6,15,2.6,2.4,"Davidson, M. B. & Merrett, P. (2014). Rugathodes sexpunctatus (Emerton, 1882) in Britain (Araneae:Theridiidae). Arachnology 16(4): 113-116"
Rugathodes_sp,NA,NA,NA,NA,0,NA,NA,,NA,,NA,NA,NA,NA,NA,,,,,,,
Salsa_recherchensis,continent,no,no,Australia,39,5,62350.26194,7691990.893,2.792758,39.01717104,continent,australia,0,NA,NA,3,4,3,3,10,,"Framenau, V. W. & Castanheira, P. de S. (2022c). Revision of the new Australasian orb-weaving spider genus Salsa (Araneae, Araneidae). ZooKeys 1102: 107-148"
Sardinidion_blackwalli,island_continent,no,no,Europe,593,328,1967530.188,26139333.12,22.229249,56.85398309,island_continent,europe,1,5.995056482,48.44835441,15,25,5,15,3,3,https://araneae.nmbe.ch/data/88/Sardinidion_blackwalli
Scoloderus_cordatus,continent,yes,no,"Mexico, central america,South America,",68,2,0,1957326.927,0,0,continent,"mexico,central america,south america,",0,NA,NA,1,1,1,1,3.6,2.3,"Traw, M. B. (1996). A revision of the Neotropical orb-weaving spider genus Scoloderus (Araneae: Araneidae). Psyche, Cambridge 102(1-2, 1995): 49-72"
Selkirkiella_alboguttata,island_continent,yes,yes,Chile,0,NA,NA,,NA,,NA,NA,1,NA,NA,,,,,,,
Selkirkiella_luisi,island_continent,yes,yes,Chile,0,NA,NA,,NA,,NA,NA,1,NA,NA,,,,,,,
Singa_nitidula,continent,no,no,"Europe, Turkey, Russia, Europe, Caucasus to Central Asia",633,410,6099369.671,30759673.69,21.245102,82.10629988,continent,"europe,turkey,russia,caucasus,central asia",0,29.02928304,52.83485945,14,34,7,9,6.5,4.5,https://araneae.nmbe.ch/data/879/Singa_nitidula
Socca_pustulosa,island_continent,yes,yes,"Australia, New Zealand",491,41,605887.8685,7959749.401,10.638503,57.43007084,island_continent,"australia,new zealand",1,NA,NA,9,17,6,12,9.5,7.2,"Framenau, V. W., Castanheira, P. de S. & Vink, C. J. (2022). Taxonomy and systematics of the new Australo-Pacific orb-weaving spider genus Socca (Araneae: Araneidae). New Zealand Journal of Zoology 49(4): 263-334"
Socca_senicaudatus,NA,NA,NA,NA,0,NA,NA,,NA,,NA,NA,NA,NA,NA,,,,,,,
Spilasma_duodecimguttata,continent,yes,yes,"Central America, South America",85,7,2862376.861,20315045.4,18.77393,84.04525912,continent,"central america,south america",0,-67.32893117,2.821490786,5,54,2,5,7,3.6,"Levi, H. W. (1995b). Orb-weaving spiders Actinosoma, Spilasma, Micrepeira, Pronous, and four new genera (Araneae: Araneidae). Bulletin of the Museum of Comparative Zoology 154: 153-213."
Spintharus_flavidus,island_continent,no,no,USA,303,97,1244027.9,9462727.54,16.831174,41.07063035,island_continent,usa,1,-81.76440788,34.99682601,10,16,5,7,4.62,3.94,"Agnarsson, I., Van Patten, C., Sargeant, L., Chomitz, B., Dziki, A. & Binford, G. J. (2018). A radiation of the ornate Caribbean ‘smiley-faced spiders’, with descriptions of 15 new species (Araneae: Theridiidae, Spintharus). Zoological Journal of the Linnean Society 182(4): 758-790"
Steatoda_bipunctata,island_continent,no,no,"Europe, Israel, Caucasus, Russia, Kazakhstan, Iran, Central, Asia, China.,",6728,4043,9826197.872,61615587.03,28.627585,83.56332948,island_continent,"europe,israel,caucasus,russia,kazakhstan,iran,central,asia,china.,",1,34.44405593,56.64809204,25,43,8,5,7,5.5,https://araneae.nmbe.ch/data/73/Steatoda_bipunctata
Steatoda_borealis,island_continent,no,no,USA,889,252,11087822.2,9462727.54,32.264955,41.07063035,island_continent,usa,1,-102.2937457,49.8213391,29,78,9,21,7,5.9,"Levi, H. W. (1957b). The spider genera Crustulina and Steatoda in North America, Central America, and the West Indies (Araneae, Theridiidae). Bulletin of the Museum of Comparative Zoology 117: 367-424"
Steatoda_castanea,island_continent,no,no,"Europe, Caucasus, Iran, Central Asia, China",595,336,7009046.644,41750995.08,20.735181,56.85398309,island_continent,"europe,caucasus,iran,central asia,china",1,44.7432813,54.83652233,11,22,4,8,7,6.3,https://araneae.nmbe.ch/data/315/Steatoda_castanea
Steatoda_cingulata,island_continent,no,no,"China, Vietnam, Laos, Japan, Indonesia",142,6,622182.906,12196470.66,37.149939,45.45150832,island_continent,"china,vietnam,laos,japan,indonesia",1,118.4351931,25.83917451,4,21,3,13,7.4,,"Yoshida, H. (2003a). The spider family Theridiidae (Arachnida: Araneae) from Japan. Arachnological Society of Japan, 224 pp."
Steatoda_triangulosa,island_continent,no,no,"Europe, Russia, Kazakhstan, Iran, Central Asia., Libya",6461,1966,6780934.729,32099466.91,30.490187,56.85398309,island_continent,"europe,russia,kazakhstan,iran,central asia.,libya",1,17.73355963,45.82717025,33,58,11,9,8.6,5,https://araneae.nmbe.ch/data/1260/Steatoda_triangulosa
Stemmops_cf,NA,NA,NA,NA,0,NA,NA,,NA,,NA,NA,NA,NA,NA,,,,,,,
Stemmops_nipponicus,island_continent,no,no,"Russia, Japan",349,NA,NA,,NA,,NA,NA,1,NA,NA,,,,,,,
Styposis_selis,continent,no,no,Brazil,63,1,0,8470788.47,0,0,continent,brazil,0,-54.450146,-25.666113,1,1,1,1,1.3,1.2,"Levi, H. W. (1964e). The American spiders of the genera Styposis and Pholcomma (Araneae, Theridiidae). Psyche, Cambridge 71(1): 32-3"
Synotaxus_225,NA,NA,NA,NA,0,NA,NA,,NA,,NA,NA,NA,NA,NA,,,,,,,
Takayus_latifolius,island_continent,no,no,"Russia, Japan",23,NA,NA,,NA,,NA,NA,1,NA,NA,,,,,,,
Takayus_quadrimaculatus,continent,no,no,China,25,NA,NA,,NA,,NA,NA,0,NA,NA,,,,,,,
Takayus_takayensis,continent,no,no,China,107,NA,NA,,NA,,NA,NA,0,NA,NA,,,,,,,
Telaprocera_joanae,continent,no,no,Australia,67,6,307.283604,7691990.893,0.897036,39.01717104,continent,australia,0,153.0264305,-27.9208111,1,1,2,2,4.6,3.9,"Harmer, A. M. T. & Framenau, V. W. (2008). Telaprocera (Araneae: Araneidae), a new genus of Australian orb-web spiders with highly elongated webs. Zootaxa 1956: 59-80"
Telaprocera_maudae,continent,no,no,Australia,165,39,222991.1744,7691990.893,14.54016,39.01717104,continent,australia,0,150.1483399,-25.26505622,2,4,3,9,7,5.6,"Harmer, A. M. T. & Framenau, V. W. (2008). Telaprocera (Araneae: Araneidae), a new genus of Australian orb-web spiders with highly elongated webs. Zootaxa 1956: 59-80"
Testudinaria_109,NA,NA,NA,NA,0,NA,NA,,NA,,NA,NA,NA,NA,NA,,,,,,,
Tetragnatha_versicolor,NA,NA,NA,NA,1608,NA,NA,,NA,,NA,NA,NA,NA,NA,,,,,,,
Thelacantha_brevispina,island_continent,yes,yes,"Madagascar, Mauritius, Pakistan to Japan and New Guinea, Australia, Fiji, French Polynesia, Hawaii",751,139,492830.5572,19482210.99,43.899692,72.524891,island_continent,"madagascar,mauritius,pakistan,japan,new guinea,australia,fiji,french polynesia,hawaii",1,144.8091564,-6.5638925,7,398,5,18,12,5,"Tanikawa, A. (2009). Hersiliidae. Nephilidae, Tetragnathidae, Araneidae. In: Ono, H. (ed.) The spiders of Japan with keys to the families and genera and illustrations of the species. Tokai University Press, Kanagawa, pp. 149, 403-463"
Theridiinae_sp,NA,NA,NA,NA,0,NA,NA,,NA,,NA,NA,NA,NA,NA,,,,,,,
Theridiinae_sp_2,NA,NA,NA,NA,0,NA,NA,,NA,,NA,NA,NA,NA,NA,,,,,,,
Theridion_acutitarse,island,no,no,USA (Hawaii),14,NA,NA,,NA,,NA,NA,1,NA,NA,,,,,,,
Theridion_albidum,continent,no,no,USA,248,5,2081316.334,9462727.54,12.638171,41.07063035,continent,usa,0,-92.66759899,38.2279284,4,27,2,12,3.3,,"Levi, H. W. (1957a). The spider genera Enoplognatha, Theridion, and Paidisca in America north of Mexico (Araneae, Theridiidae). Bulletin of the American Museum of Natural History 112: 1-124."
Theridion_calcynatum,continent,no,no,south america,42,20,60792.29507,20315045.4,4.348507,84.04525912,continent,south america,0,-58.00340018,-35.66931407,2,3,2,2,5,4.7,"Levi, H. W. (1963c). American spiders of the genus Theridion (Araneae, Theridiidae). Bulletin of the Museum of Comparative Zoology 129: 481-589"
Theridion_californicum,continent,yes,yes,USA,96,3,17010.65716,9462727.54,9.034582,41.07063035,continent,usa,0,-122.9870806,40.8977566,3,4,2,6,4.5,3.5,"Levi, H. W. (1957a). The spider genera Enoplognatha, Theridion, and Paidisca in America north of Mexico (Araneae, Theridiidae). Bulletin of the American Museum of Natural History 112: 1-124."
Theridion_cf,NA,NA,NA,NA,4,NA,NA,,NA,,NA,NA,NA,NA,NA,,,,,,,
Theridion_differens,continent,yes,yes,USA,582,15,3040092.206,9462727.54,11.129879,41.07063035,continent,usa,0,-90.8354346,41.7595017,9,33,4,13,3.5,2.5,"Levi, H. W. (1957a). The spider genera Enoplognatha, Theridion, and Paidisca in America north of Mexico (Araneae, Theridiidae). Bulletin of the American Museum of Natural History 112: 1-124."
Theridion_flavonotatum,continent,no,no,USA,23,3,117475.6518,9462727.54,5.201982,41.07063035,continent,usa,0,-87.78584373,33.54863774,3,8,1,3,2.8,2.3,"Levi, H. W. (1957a). The spider genera Enoplognatha, Theridion, and Paidisca in America north of Mexico (Araneae, Theridiidae). Bulletin of the American Museum of Natural History 112: 1-124."
Theridion_frondeum,continent,yes,yes,USA,710,32,2367612.216,9462727.54,18.332987,41.07063035,continent,usa,0,-84.35720078,42.39675021,10,20,3,6,4.2,3.9,"Levi, H. W. (1957a). The spider genera Enoplognatha, Theridion, and Paidisca in America north of Mexico (Araneae, Theridiidae). Bulletin of the American Museum of Natural History 112: 1-124."
Theridion_glaucescens,continent,no,no,USA,187,7,794259.456,9462727.54,7.188928,41.07063035,continent,usa,0,-80.30354849,43.61277567,6,11,2,3,3,2.5,"Levi, H. W. (1957a). The spider genera Enoplognatha, Theridion, and Paidisca in America north of Mexico (Araneae, Theridiidae). Bulletin of the American Museum of Natural History 112: 1-124."
Theridion_grallator,island,yes,yes,USA (Hawaii),74,21,5670.300399,9462727.54,2.171191,41.07063035,island,usa,1,-155.5832927,19.85525455,2,4,3,9,4.5,4,"Simon, E. (1900a). Arachnida. In: Sharp, D. (ed.) Fauna Hawaiiensis, or the zoology of the Sandwich Isles: being results of the explorations instituted by the Royal Society of London promoting natural knowledge and the British Association for the Advancement of Science. Volume II, Part V. University Press, Cambridge, pp. 443-519, pl. 15-21"
Theridion_kauaiense,island,no,no,USA (Hawaii),3,NA,NA,,NA,,NA,NA,1,NA,NA,,,,,,,
Theridion_longipedatum,continent,no,no,Colombia,3,NA,NA,,NA,,NA,NA,0,NA,NA,,,,,,,
Theridion_melanostictum,island_continent,yes,no,"Macaronesia, Mediterranean, Egypt, India, Central Asia, China, Japan.,",501,106,9246788.916,25925348.87,64.12227,30.25063295,island_continent,"macaronesia,mediterranean,egypt,india,central asia,china,japan.,",1,13.82311595,18.48075583,5,70,5,20,3.6,2.5,"Levy, G. (1998b). Araneae: Theridiidae. In: Fauna Palaestina, Arachnida III. Israel Academy of Sciences and Humanities, Jerusalem, 228 pp"
Theridion_melanurum,island,yes,yes,"Macaronesia, Turkey, Caucasus, Russia, (Europe to Middle Siberia), Middle East.,",1106,28,2083.482581,18522184.32,2.5287,22.67193325,island,"macaronesia,turkey,caucasus,russia,,middle siberia),middle east.,",1,-25.52463206,37.81443715,1,1,3,4,4.8,4.6,"Levi, H. W. (1957a). The spider genera Enoplognatha, Theridion, and Paidisca in America north of Mexico (Araneae, Theridiidae). Bulletin of the American Museum of Natural History 112: 1-124."
Theridion_murarium,continent,no,no,North America,509,45,3357368.979,21357404.83,15.553062,52.05850925,continent,north america,0,-94.33761056,41.09057675,12,34,6,16,4,3,"Kaston, B. J. (1948). Spiders of Connecticut. Bulletin of the Connecticut State Geological and Natural History Survey 70: 1-874. download pdf"
Theridion_nigroannulatum,continent,no,no,Ecuador,4,NA,NA,,NA,,NA,NA,0,NA,NA,,,,,,,
Theridion_pennsylvanicum,continent,no,no,USA,18,NA,NA,,NA,,NA,NA,0,NA,NA,,,,,,,
Theridion_pictum,island_continent,no,no,"North America, Caucasus Russia, Kazakhstan, Turkemenistan, China, Japan",1985,24,5322095.335,34288114.95,23.608058,52.05850925,continent,"north america,caucasus russia,kazakhstan,turkemenistan,china,japan",0,-101.0456263,57.51489764,11,40,5,13,4.7,3.1,"Levi, H. W. (1957a). The spider genera Enoplognatha, Theridion, and Paidisca in America north of Mexico (Araneae, Theridiidae). Bulletin of the American Museum of Natural History 112: 1-124."
Theridion_pinastri,island_continent,no,no,"Europe, China, Korea, Japan",1017,414,4624944.055,36105504.39,20.7711,56.85398309,island_continent,"europe,china,korea,japan",1,22.41558524,52.28843869,13,25,7,13,4,3,https://araneae.nmbe.ch/data/1042/Theridion_pinastri
Theridion_posticatum,island,yes,yes,USA (Hawaii),2,NA,NA,,NA,,NA,NA,1,NA,NA,,,,,,,
Theridion_sangzhiense,continent,no,no,China,1,NA,NA,,NA,,NA,NA,0,NA,NA,,,,,,,
Theridion_sp,NA,NA,NA,NA,0,NA,NA,,NA,,NA,NA,NA,NA,NA,,,,,,,
Theridion_theridioides,continent,no,no,China,61,NA,NA,,NA,,NA,NA,0,NA,NA,,,,,,,
Theridion_varians,island_continent,yes,yes,"Europe, Caucasus Russia, Kazakhstan, Iran, Central Asia China., Libya, Western Mediterranean",5111,2435,7270168.074,35160192.64,32.137198,82.10629988,island_continent,"europe,caucasus russia,kazakhstan,iran,central asia china.,libya,western mediterranean",1,23.97055723,54.52664855,23,39,10,8,4,3.5,https://araneae.nmbe.ch/data/1356/Theridion_varians
Theridula_emertoni,continent,no,no,USA,277,13,772550.3866,9462727.54,9.489428,41.07063035,continent,usa,0,-79.2578092,40.75302838,8,13,3,5,2.5,,"Berland, L. (1920c). Arachnides. Araneae (2e partie). In: Voyage de Ch. Alluaud et R. Jeannel en Afrique Orientale (1911-1912). Résultats scientifiques. IV. L. Lhomme, Paris, pp. 95-180"
Theridula_opulenta,continent,no,no,North America,62,10,821241.5737,21357404.83,8.350547,52.05850925,continent,north america,0,-82.28519647,39.54408741,5,12,2,4,2.4,1.4,"Levi, H. W. (1954c). The spider genus Theridula in North and Central America and the West Indies (Araneae: Theridiidae). Transactions of the American Microscopical Society 73(4): 331-343."
Thymoites_unimaculatus,continent,no,no,USA,287,14,691495.1976,9462727.54,7.54193,41.07063035,continent,usa,0,-79.03837662,41.5351326,7,13,3,4,2.3,1.9,"Levi, H. W. (1957a). The spider genera Enoplognatha, Theridion, and Paidisca in America north of Mexico (Araneae, Theridiidae). Bulletin of the American Museum of Natural History 112: 1-124."
Tidarren_sisyphoides,continent,no,no,"north america, central america, south america",228,28,9168174.435,39715123.3,72.054333,109.6740354,continent,"north america,central america,south america",0,-72.64764888,-8.904048125,14,108,9,16,3,1,"Knoflach, B. & Harten, A. van (2006). The one-palped spider genera Tidarren and Echinotheridion in the Old World (Araneae, Theridiidae), with comparative remarks on Tidarren from America. Journal of Natural History 40(25-26): 1483-1616"
Trichonephila_antipodiana,island,yes,yes,"China, Philippines, Indonesia, New Guinea, Solomon Is., Australia",0,45,1550935.414,19744393.54,23.907374,62.19191331,island,"China, Philippines, Indonesia, New Guinea, Solomon Is., Australia",1,110.337829,1.038816718,7,34,3,9,32,12.5,"Yin, C. M., Wang, J. F., Xie, L. P. & Peng, X. J. (1990). New and newly recorded species of the spiders of family Araneidae from China (Arachnida, Araneae). In: Spiders in China: One Hundred New and Newly Recorded Species of the Families Araneidae and Agelenidae. Hunan Normal University Press, pp. 1-171"
Trichonephila_clavipes,island_continent,no,no,"USA, Central America, South America, Caribbean",12744,7887,19023627.92,29777772.94,75.051873,98.68615651,island_continent,"usa,central america,south america,caribbean",1,-65.04775113,-3.300440121,136,188,13,18,32,2.8,"Levi, H. W. & Eickstedt, V. R. D. von (1989). The Nephilinae spiders of the neotropics. Memórias do Instituto Butantan 51: 43-56"
Trichonephila_inaurata,island_continent,no,no,"South Africa, Mauritius, Reunion, Seychelles",557,62,1248014.79,1222269.046,29.674798,-24.3472146,island_continent,"south africa,mauritius,reunion,seychelles",1,29.74622171,-27.5062534,8,28,7,18,NA,NA,
Trichonephila_senegalensis,island_continent,no,no,"West Africa, Central Africa, Ethiopia",323,11,2898.179985,12470319.46,3.748382,23.13585114,island_continent,"west africa,central africa,ethiopia",1,-23.64628227,15.10041705,2,3,3,6,25.9,7.02,"Kuntner, M., Hamilton, C. A., Cheng, R. C., Gregori?, M., Lupse, N., Lokovsek, T., Lemmon, E. M., Lemmon, A. R., Agnarsson, I., Coddington, J. A. & Bond, J. E. (2019). Golden orbweavers ignore biological rules: phylogenomic and comparative analyses unravel a complex evolution of sexual size dimorphism. Systematic Biology 68(4): 555-572"
Tylorida_ventralis,island_continent,yes,yes,"Pakistan, India, China Japan, Taiwan, New Guinea",0,24,2122038.466,4526930.245,15.307601,42.00344112,island_continent,"Pakistan, India, China Japan, Taiwan, New Guinea",1,95.23263219,20.8438459,9,40,4,12,,,
Uloborus_diversus,NA,NA,NA,NA,304,NA,NA,,NA,,NA,NA,NA,-115.1722995,36.21820913,,,,,,,
Verrucosa_arenata,island_continent,yes,yes,"USA, Central America, Greater Antilles",3823,2462,4973282.314,12143276.56,35.116428,41.07063035,island_continent,"usa,central america,greater antilles",1,-101.9623982,24.9144761,52,89,11,18,9.5,6.1,"Levi, H. W. (1976). The orb-weaver genera Verrucosa, Acanthepeira, Wagneriana, Acacesia, Wixia, Scoloderus and Alpaida north of Mexico. Bulletin of the Museum of Comparative Zoology 147: 351-391"
Wagneriana_atuna,NA,yes,yes,"Cuba, Costa Rica, Panama, Colombia, Ecuador, Peru, Bolivia, Paraguay",53,NA,NA,,NA,,NA,NA,NA,NA,NA,,,,,,,
Wagneriana_tauricornis,continent,no,no,"USA, Central America, South America",110,41,4413806.326,29777772.94,60.32385,98.68615651,continent,"usa,central america,south america",0,-71.78604088,-0.419922731,11,80,5,12,6.7,4.9,"Levi, H. W. (1991b). The Neotropical orb-weaver genera Edricus and Wagneriana (Araneae: Araneidae). Bulletin of the Museum of Comparative Zoology 152: 363-415"
Waitkera_waitakerensis,NA,NA,NA,NA,23,NA,NA,,NA,,NA,NA,NA,174.2426061,-36.04544985,,,,,,,
Wamba_crispulus,continent,no,no,"north america, central america, south america",187,12,8731170.118,39715123.3,78.462929,109.6740354,continent,"north america,central america,south america",0,-73.05497347,3.00488437,5,123,3,15,2.6,1.8,"Vanuytven, H. (2021). The Theridiidae of the World. A key to the genera with their diagnosis and a study of the body length of all known species. Newsletter of the Belgian arachnological Society 35(Supplement): 1-363"
Witica_cayanus,island_continent,yes,yes,"Colombia, Venezuela, Trinidad and Tobago, French Guiana, Ecuador, Peru, Brazil",33,NA,NA,,NA,,NA,NA,1,-66.02156578,-7.198242127,,,,,,,
Witica_crassicauda,island_continent,yes,yes,"Mexico, Central America, South America",52,14,661300.1857,20315045.4,20.332292,84.04525912,island_continent,"mexico,central america,south america",1,-76.00239291,7.313416573,7,40,3,11,7.8,1.4,"Levi, H. W. (1986b). The orb-weaver genus Witica (Araneae: Araneidae). Psyche, Cambridge 93(1-2): 35-46"
Yunohamella_lyricus,NA,NA,NA,NA,0,NA,NA,,NA,,NA,NA,NA,NA,NA,,,,,,,
Yunohamella_palmgreni,continent,no,no,"Finland, Poland, Estonia, Russia",80,22,104674.0644,17649817.35,9.132455,18.53135836,continent,"finland,poland,estonia,russia",0,26.92212548,61.85851868,2,3,2,2,,,
Zealaranea_crassa,island,yes,yes,New Zealand,89,35,153546.5614,267758.5077,9.577506,0,island,new zealand,1,173.6992594,-41.41382676,4,8,1,7,9.2,6.2,"Court, D. J. & Forster, R. R. (1988). The spiders of New Zealand: Part VI. Family Araneidae. Otago Museum Bulletin 6: 68-124"
Zygiella_atrica,island_continent,no,no,Europe,1533,922,3519688.196,26139333.12,26.115124,56.85398309,island_continent,europe,1,13.55548066,50.11666024,22,32,6,2,9.5,7,https://araneae.nmbe.ch/data/242/Zygiella_atrica
Zygiella_x-notata,island_continent,yes,yes,"Europe, Turkey, Caucasus, Iran",7879,5560,4600185.012,27761470.02,33.715035,56.85398309,island_continent,"europe,turkey,caucasus,iran",1,10.66981508,48.52529369,32,48,8,8,12,8,https://araneae.nmbe.ch/data/1415/Zygiella_x-notata
